name,year,per_capita_gdp_yuan,total_population_million,urbanization_rate_percent,proportion_of_primary_industry_percent,proportion_of_secondary_industry_percent,proportion_of_the_tertiary_industry_percent,coal_proportion_percent,total_carbon_dioxide_emissions_(_million_tons_)
Anhui,1999,4819.0,60.51,25.22,27.53,35.92,36.55,67.61,137.02
Anhui,2000,5147.0,60.93,28.0,23.7,34.0,42.3,67.82,146.13
Anhui,2001,5732.0,61.28,29.3,21.7,35.9,42.4,69.42,153.62
Anhui,2002,6238.0,61.44,30.7,20.5,35.2,44.3,69.23,160.93
Anhui,2003,7001.0,61.63,32.0,17.4,36.2,46.4,69.42,179.38
Anhui,2004,8279.0,62.28,33.5,18.53,35.99,45.47,68.81,186.37
Anhui,2005,9193.0,61.2,35.5,17.03,38.71,44.26,68.8,196.84
Anhui,2006,10630.0,61.1,37.1,15.55,40.82,43.63,67.2,211.59
Anhui,2007,12989.0,61.18,38.7,14.06,42.46,43.49,66.49,235.3
Anhui,2008,15535.0,61.35,40.5,13.8,44.07,42.13,68.07,268.07
Anhui,2009,17715.0,61.31,42.1,12.73,45.27,42.0,68.85,294.62
Anhui,2010,21923.0,59.57,43.2,12.08,48.27,39.65,67.95,311.83
Anhui,2011,27303.0,59.72,44.8,11.47,50.29,38.24,67.7,337.43
Anhui,2012,30697.0,59.78,46.5,11.01,50.42,38.57,65.56,347.39
Anhui,2013,34404.0,59.88,47.9,10.56,49.72,39.73,64.28,374.62
Anhui,2014,37580.0,59.97,49.15,10.19,48.77,41.04,62.84,385.55
Anhui,2015,39692.0,60.11,50.5,9.97,45.48,44.55,61.89,386.13
Anhui,2016,43686.0,60.33,51.99,9.46,43.78,46.76,61.13,384.95
Anhui,2017,49092.0,60.57,53.49,8.7,42.73,48.57,60.11,397.1
Anhui,2018,56063.0,60.76,54.69,7.76,41.44,50.8,59.18,411.48
Anhui,2019,60561.0,60.92,55.81,7.91,40.63,51.46,58.0,413.61
Beijing,1999,22054.0,12.57,77.3,2.84,32.61,64.55,43.1,96.94
Beijing,2000,25014.0,13.64,77.52,2.42,31.23,66.35,42.4,99.59
Beijing,2001,28097.0,13.85,78.06,2.09,29.19,68.72,41.83,98.19
Beijing,2002,32231.0,14.23,78.57,1.82,27.29,70.89,39.44,96.24
Beijing,2003,36583.0,14.56,79.07,1.6,27.65,70.75,39.99,100.12
Beijing,2004,42402.0,14.93,79.52,1.37,28.37,70.27,39.59,111.21
Beijing,2005,47182.0,15.38,83.62,1.22,26.68,72.11,39.74,113.28
Beijing,2006,53438.0,16.01,84.33,1.04,24.71,74.25,38.53,114.73
Beijing,2007,63629.0,16.76,84.5,0.95,23.15,75.9,35.31,121.33
Beijing,2008,68541.0,17.71,84.9,0.94,21.39,77.67,32.35,120.56
Beijing,2009,71059.0,18.6,85.0,0.91,21.21,77.88,30.5,122.13
Beijing,2010,78307.0,19.62,85.95,0.82,21.61,77.57,29.29,122.89
Beijing,2011,86246.0,20.24,86.23,0.78,20.73,78.49,27.66,113.82
Beijing,2012,92758.0,20.78,86.2,0.78,20.27,78.95,26.3,111.95
Beijing,2013,100569.0,21.25,86.3,0.76,19.72,79.52,25.09,98.49
Beijing,2014,106732.0,21.71,86.35,0.69,19.34,79.97,21.2,99.51
Beijing,2015,113692.0,21.88,86.51,0.57,17.84,81.6,15.12,88.73
Beijing,2016,123391.0,21.95,86.5,0.48,17.25,82.27,11.43,79.03
Beijing,2017,136172.0,21.94,86.5,0.41,16.9,82.69,6.61,76.52
Beijing,2018,150962.0,21.92,86.5,0.36,16.55,83.09,3.64,74.72
Beijing,2019,161776.0,21.9,86.6,0.32,15.99,83.69,2.41,73.58
Fujian,1999,10323.0,103.23,20.31,17.78,41.85,40.36,46.62,60.54
Fujian,2000,11194.0,111.94,41.99,16.37,43.09,40.53,45.75,66.56
Fujian,2001,11883.0,118.83,42.76,15.33,44.11,40.56,45.42,66.97
Fujian,2002,12910.0,129.1,45.66,14.76,45.42,39.82,47.98,78.77
Fujian,2003,14330.0,143.3,46.37,13.64,46.6,39.76,48.96,93.32
Fujian,2004,16248.0,162.48,47.63,13.36,47.95,38.7,48.98,109.43
Fujian,2005,18107.0,181.07,49.42,12.35,48.26,39.39,51.79,134.67
Fujian,2006,20915.0,209.15,50.4,11.1,48.6,40.3,51.97,147.38
Fujian,2007,25915.0,259.15,51.38,10.2,48.49,41.31,52.17,165.27
Fujian,2008,30153.0,301.53,53.01,10.03,49.28,40.7,53.45,172.69
Fujian,2009,33999.0,339.99,55.07,8.93,49.36,41.71,50.31,203.06
Fujian,2010,40773.0,407.73,57.11,8.46,51.36,40.18,44.86,221.45
Fujian,2011,47928.0,479.28,58.11,8.33,52.0,39.68,48.74,251.81
Fujian,2012,52959.0,529.59,59.31,8.07,52.14,39.79,47.21,249.94
Fujian,2013,58255.0,582.55,60.8,7.75,52.46,39.79,45.28,240.26
Fujian,2014,63709.0,637.09,62.0,7.44,52.78,39.78,40.62,275.79
Fujian,2015,67649.0,676.49,63.23,7.21,51.22,41.58,38.95,266.3
Fujian,2016,74024.0,740.24,64.39,7.24,49.59,43.16,35.75,248.63
Fujian,2017,83758.0,837.58,65.78,6.55,48.13,45.32,37.05,264.36
Fujian,2018,94719.0,947.19,66.98,6.15,48.72,45.13,38.22,291.38
Fujian,2019,102722.0,1027.22,66.5,6.13,47.41,46.46,36.82,310.77
Gansu,1999,3778.0,25.43,23.72,20.06,42.88,37.06,43.1,96.94
Gansu,2000,4163.0,25.15,24.01,18.44,40.04,41.52,42.4,99.59
Gansu,2001,4467.0,25.23,24.51,18.48,40.7,40.82,41.83,98.19
Gansu,2002,4875.0,25.31,25.96,17.49,40.72,41.79,39.44,96.24
Gansu,2003,5525.0,25.37,27.38,17.0,40.88,42.12,39.99,100.12
Gansu,2004,6512.0,25.41,28.61,17.13,41.14,41.73,39.59,111.21
Gansu,2005,7332.0,25.45,30.02,15.93,41.8,42.27,39.74,113.28
Gansu,2006,8653.0,25.47,31.09,14.97,44.15,40.88,38.53,114.73
Gansu,2007,10501.0,25.48,31.59,13.68,46.88,39.44,35.31,121.33
Gansu,2008,12048.0,25.51,32.15,12.74,46.55,40.71,32.35,120.56
Gansu,2009,12802.0,25.55,32.65,12.8,45.08,42.12,30.5,122.13
Gansu,2010,15421.0,25.6,36.12,11.98,48.44,39.58,29.29,122.89
Gansu,2011,18846.0,25.52,37.15,10.91,47.51,41.58,27.66,113.82
Gansu,2012,21141.0,25.5,38.75,10.96,46.23,42.81,26.3,111.95
Gansu,2013,23647.0,25.37,40.13,10.94,44.46,44.6,25.09,98.49
Gansu,2014,25724.0,25.31,41.68,10.67,43.32,46.01,21.2,99.51
Gansu,2015,25946.0,25.23,43.19,11.19,38.21,50.6,15.12,88.73
Gansu,2016,27396.0,25.2,44.69,11.59,35.95,52.46,11.43,79.03
Gansu,2017,29103.0,25.22,46.39,11.72,34.29,53.99,6.61,76.52
Gansu,2018,32178.0,25.15,47.69,11.43,34.07,54.5,3.64,74.72
Gansu,2019,34707.0,25.09,48.49,12.05,32.83,55.12,2.41,73.58
Guangdong,1999,11463.0,82.18,53.86,10.9,47.2,41.9,36.15,215.21
Guangdong,2000,12817.0,86.5,55.0,9.1,46.7,44.2,35.21,241.07
Guangdong,2001,13952.0,87.33,56.14,8.1,45.9,46.0,34.56,250.85
Guangdong,2002,15478.0,88.42,57.27,7.5,45.6,46.9,34.63,267.74
Guangdong,2003,17950.0,89.63,58.41,6.7,48.1,45.2,35.7,304.2
Guangdong,2004,20647.0,91.11,59.54,6.5,49.3,44.2,34.56,345.95
Guangdong,2005,23997.0,91.94,60.68,6.4,50.3,43.3,34.89,387.66
Guangdong,2006,27861.0,94.42,63.0,5.7,50.7,43.6,35.1,429.21
Guangdong,2007,33236.0,96.6,63.14,5.2,50.5,44.3,36.51,459.27
Guangdong,2008,37543.0,98.93,63.37,5.2,50.5,44.3,37.44,472.34
Guangdong,2009,39418.0,101.3,63.4,4.9,49.3,45.8,36.65,497.73
Guangdong,2010,44669.0,104.41,66.18,4.8,49.9,45.3,37.99,564.69
Guangdong,2011,50076.0,107.56,66.57,4.8,49.3,45.9,40.67,606.28
Guangdong,2012,52308.0,110.41,67.15,4.7,48.0,47.3,38.8,595.58
Guangdong,2013,56029.0,112.7,68.09,4.6,46.9,48.5,37.43,588.27
Guangdong,2014,59909.0,114.89,68.62,4.5,46.8,48.7,36.2,589.37
Guangdong,2015,64516.0,116.78,69.51,4.3,45.4,50.3,35.16,588.26
Guangdong,2016,69671.0,119.08,70.15,4.3,43.2,52.5,32.97,604.06
Guangdong,2017,76218.0,121.41,70.74,3.9,42.1,54.0,33.39,630.87
Guangdong,2018,81625.0,123.48,71.81,3.8,41.4,54.8,31.85,650.97
Guangdong,2019,86956.0,124.89,72.88,4.1,40.4,55.5,31.07,640.29
Guangxi,1999,4444.0,47.13,22.92,28.8,34.5,36.7,58.63,52.1
Guangxi,2000,4652.0,47.51,28.14,26.8,35.1,38.1,57.43,55.76
Guangxi,2001,5058.0,47.88,28.2,25.3,33.7,41.0,56.61,55.76
Guangxi,2002,5559.0,48.22,28.31,23.9,33.5,42.6,51.78,57.78
Guangxi,2003,6120.0,48.57,29.05,23.6,34.1,42.3,53.68,68.95
Guangxi,2004,7182.0,48.89,31.7,24.5,34.8,40.7,54.87,90.31
Guangxi,2005,8069.0,46.6,33.62,24.2,35.4,40.4,53.8,102.54
Guangxi,2006,9421.0,47.19,34.64,23.2,36.3,40.5,54.29,112.69
Guangxi,2007,11542.0,47.68,36.24,22.2,37.9,39.9,54.03,128.62
Guangxi,2008,13471.0,48.16,36.24,22.0,38.2,39.8,51.97,127.63
Guangxi,2009,14708.0,48.56,39.2,22.0,38.2,39.8,51.77,141.54
Guangxi,2010,18070.0,46.1,40.01,19.2,40.5,40.3,51.45,172.11
Guangxi,2011,22234.0,46.55,41.9,19.5,41.2,39.3,48.49,211.56
Guangxi,2012,24181.0,46.94,43.48,16.7,47.9,35.4,46.22,232.23
Guangxi,2013,26416.0,47.31,45.11,15.9,46.6,37.5,46.42,229.33
Guangxi,2014,28603.0,47.7,46.54,15.4,46.7,37.9,42.63,227.58
Guangxi,2015,30890.0,48.11,48.0,17.3,36.4,46.3,39.2,216.17
Guangxi,2016,33340.0,48.57,48.1,17.4,34.9,47.7,40.52,227.18
Guangxi,2017,36441.0,49.07,49.2,16.2,34.5,49.3,38.99,238.93
Guangxi,2018,39837.0,49.47,50.2,15.4,34.1,50.5,40.62,245.0
Guangxi,2019,42778.0,49.82,51.1,16.0,33.3,50.7,41.34,258.49
Guizhou,1999,2545.0,37.1,68.46,28.56,37.38,34.06,78.5,105.82
Guizhou,2000,2759.0,37.56,23.87,26.3,38.0,35.7,78.14,108.47
Guizhou,2001,3000.0,37.99,23.96,24.2,38.3,37.5,75.61,104.91
Guizhou,2002,3257.0,38.37,24.29,22.6,38.8,38.6,75.15,110.27
Guizhou,2003,3708.0,38.7,24.77,21.0,39.9,39.1,74.43,141.64
Guizhou,2004,4244.0,39.04,26.28,19.94,40.62,39.44,76.21,165.68
Guizhou,2005,5218.0,37.3,26.87,18.4,40.9,40.7,78.58,181.11
Guizhou,2006,6103.0,36.9,27.46,16.3,41.4,42.3,77.19,211.09
Guizhou,2007,7778.0,36.32,28.24,15.5,39.0,45.5,76.38,225.87
Guizhou,2008,9697.0,35.96,29.11,15.1,38.5,46.4,74.32,209.68
Guizhou,2009,10814.0,35.37,29.89,14.1,37.7,48.2,75.92,229.91
Guizhou,2010,12882.0,34.79,33.81,13.6,39.1,47.3,74.06,231.77
Guizhou,2011,16024.0,35.3,35.03,12.7,38.5,48.8,73.92,256.25
Guizhou,2012,18947.0,35.87,36.3,13.0,39.1,47.9,74.34,280.4
Guizhou,2013,22089.0,36.32,37.8,12.3,40.5,47.2,73.02,290.29
Guizhou,2014,25101.0,36.77,40.0,13.8,41.6,44.6,71.74,279.75
Guizhou,2015,28547.0,37.08,42.0,15.6,39.5,44.9,70.71,277.07
Guizhou,2016,31589.0,37.58,44.1,15.8,37.9,46.3,70.94,293.68
Guizhou,2017,35988.0,38.03,46.0,14.94,36.54,48.52,69.0,289.29
Guizhou,2018,40271.0,38.22,47.5,14.6,38.9,46.5,64.61,267.31
Guizhou,2019,43727.0,38.48,49.0,13.6,36.1,50.3,64.04,272.75
Hainan,1999,6294.0,7.62,23.37,36.2,20.1,43.7,36.67,6.95
Hainan,2000,6798.0,7.89,23.51,36.4,19.7,43.9,36.46,7.7
Hainan,2001,7315.0,7.96,23.98,34.0,23.1,42.9,21.38,5.92
Hainan,2002,8041.0,8.03,24.91,34.6,23.2,42.2,0.0,4.6
Hainan,2003,8849.0,8.11,25.23,34.2,24.6,41.2,56.23,16.64
Hainan,2004,9859.0,8.18,44.19,33.9,24.9,41.2,48.79,14.18
Hainan,2005,10753.0,8.28,45.2,32.8,26.0,41.2,39.01,11.52
Hainan,2006,12350.0,8.36,46.1,30.2,28.4,41.4,25.0,19.17
Hainan,2007,14683.0,8.45,47.2,28.5,28.7,42.8,17.09,39.08
Hainan,2008,17357.0,8.54,48.0,28.7,28.0,43.3,18.49,40.98
Hainan,2009,18860.0,8.64,49.13,27.7,26.7,45.6,19.43,44.33
Hainan,2010,23323.0,8.69,47.76,25.8,26.2,48.0,21.35,47.88
Hainan,2011,28014.0,8.9,50.5,25.8,27.2,47.0,23.8,53.47
Hainan,2012,30993.0,9.1,51.6,24.5,26.8,48.7,25.45,56.49
Hainan,2013,34053.0,9.2,52.74,23.2,24.1,52.7,29.12,51.58
Hainan,2014,37166.0,9.36,53.76,23.0,24.0,53.0,26.46,57.75
Hainan,2015,39704.0,9.45,55.12,22.4,23.6,54.0,25.1,64.58
Hainan,2016,43009.0,9.57,56.78,22.6,22.1,55.3,23.86,63.53
Hainan,2017,46631.0,9.72,58.04,21.4,22.2,56.4,26.13,61.56
Hainan,2018,50263.0,9.82,59.1,20.1,21.4,58.5,26.28,64.41
Hainan,2019,53929.0,9.95,59.2,20.3,20.7,59.0,24.55,66.18
Hebei,1999,6310.0,66.14,23.62,19.38,45.09,35.53,66.98,287.24
Hebei,2000,6966.0,66.74,26.09,17.82,46.38,35.8,66.47,299.66
Hebei,2001,7572.0,66.99,28.56,18.05,45.3,36.65,66.52,311.08
Hebei,2002,8216.0,67.35,31.04,17.34,44.71,37.95,64.99,346.02
Hebei,2003,9380.0,67.69,33.51,16.8,46.15,37.05,61.67,394.25
Hebei,2004,11178.0,68.09,35.83,17.57,45.7,36.73,60.74,459.7
Hebei,2005,12845.0,68.51,37.69,15.33,47.0,37.66,59.25,572.31
Hebei,2006,14609.0,68.98,38.77,13.96,47.51,38.53,56.42,619.04
Hebei,2007,17561.0,69.43,40.25,14.29,48.13,37.57,59.06,673.8
Hebei,2008,20385.0,69.89,41.9,13.78,49.17,37.05,56.32,703.05
Hebei,2009,21831.0,70.34,43.74,13.86,46.81,39.33,56.98,748.95
Hebei,2010,25308.0,71.94,43.94,13.74,47.05,39.21,54.35,804.89
Hebei,2011,29647.0,72.32,45.59,12.64,48.05,39.31,54.07,909.8
Hebei,2012,31844.0,72.62,46.6,12.63,47.32,40.06,54.25,920.6
Hebei,2013,33346.0,72.88,48.02,12.95,46.08,40.97,54.27,920.67
Hebei,2014,34507.0,73.23,49.36,12.55,45.53,41.92,52.85,873.79
Hebei,2015,35994.0,73.45,51.67,11.75,43.64,44.62,52.56,862.31
Hebei,2016,38688.0,73.75,53.87,10.83,43.31,45.86,50.73,863.61
Hebei,2017,41451.0,74.09,55.74,10.22,41.7,48.08,50.16,838.72
Hebei,2018,43808.0,74.26,57.33,10.27,39.71,50.01,49.78,916.13
Hebei,2019,47036.0,74.47,57.62,10.06,38.29,51.65,47.96,913.53
Henan,1999,4832.0,93.87,21.99,24.08,43.63,32.29,66.9,196.85
Henan,2000,5450.0,94.88,23.2,22.3,45.2,32.5,66.57,207.47
Henan,2001,5959.0,95.55,24.43,21.6,45.14,33.26,66.26,220.68
Henan,2002,6487.0,96.13,25.8,20.0,47.74,32.26,66.9,240.5
Henan,2003,7376.0,96.67,27.2,17.27,48.23,34.5,70.84,245.32
Henan,2004,9047.0,97.17,28.9,19.59,48.52,31.89,67.22,347.15
Henan,2005,10978.0,93.8,30.65,18.0,50.8,31.2,70.38,420.38
Henan,2006,12761.0,93.92,32.5,15.61,52.73,31.66,70.74,475.92
Henan,2007,15811.0,93.6,34.34,14.55,53.32,32.13,69.71,527.02
Henan,2008,18879.0,94.29,36.03,14.52,54.77,30.71,69.02,543.01
Henan,2009,20280.0,94.87,37.7,13.9,53.83,32.27,68.82,554.42
Henan,2010,23984.0,94.05,38.82,13.8,53.7,32.5,67.31,599.15
Henan,2011,27901.0,94.61,40.6,13.0,57.3,29.7,66.25,659.8
Henan,2012,30497.0,95.32,42.4,12.7,56.3,31.0,62.1,612.79
Henan,2013,33114.0,95.73,43.8,12.3,52.0,35.7,61.82,601.92
Henan,2014,35982.0,96.45,45.2,11.9,51.0,37.1,59.21,608.8
Henan,2015,38338.0,97.01,47.02,10.8,48.4,40.8,58.04,609.44
Henan,2016,41326.0,97.78,48.5,10.1,47.9,42.0,56.92,601.67
Henan,2017,45723.0,98.29,50.2,9.3,47.4,43.3,57.25,568.3
Henan,2018,50714.0,98.64,51.7,8.9,45.9,45.2,56.77,548.84
Henan,2019,54356.0,99.01,54.0,8.5,43.5,48.0,54.37,505.0
Heilongjiang,1999,6707.0,37.92,54.2,14.55,57.81,27.64,52.86,179.71
Heilongjiang,2000,7515.0,38.07,51.94,13.15,57.2,29.64,52.25,185.63
Heilongjiang,2001,7990.0,38.11,52.38,14.01,54.74,31.25,50.91,179.96
Heilongjiang,2002,8507.0,38.13,52.57,14.32,53.3,32.39,51.14,178.64
Heilongjiang,2003,9464.0,38.15,52.59,13.66,54.2,32.14,53.8,199.89
Heilongjiang,2004,10836.0,38.17,52.78,14.05,54.91,31.04,56.17,217.01
Heilongjiang,2005,12456.0,38.2,53.1,14.18,55.85,29.97,58.36,246.27
Heilongjiang,2006,13947.0,38.23,53.5,13.73,56.25,30.02,58.09,260.41
Heilongjiang,2007,16023.0,38.24,53.9,14.57,55.22,30.21,59.27,279.13
Heilongjiang,2008,18654.0,38.25,55.4,15.05,55.16,29.79,63.47,296.32
Heilongjiang,2009,18871.0,38.26,55.5,15.82,50.81,33.37,59.95,310.04
Heilongjiang,2010,21694.0,38.33,55.67,15.55,49.9,34.55,61.04,336.79
Heilongjiang,2011,26093.0,37.82,56.5,17.07,49.48,33.45,61.46,361.42
Heilongjiang,2012,29352.0,37.24,56.9,19.24,46.3,34.46,62.21,378.32
Heilongjiang,2013,32068.0,36.66,57.4,21.43,43.91,34.66,62.55,353.75
Heilongjiang,2014,33464.0,36.08,58.01,22.11,40.03,37.86,63.2,358.68
Heilongjiang,2015,32759.0,35.29,58.8,23.2,33.59,43.21,62.64,356.79
Heilongjiang,2016,34025.0,34.63,59.2,23.13,31.02,45.85,64.04,364.16
Heilongjiang,2017,35887.0,33.99,59.4,24.08,28.58,47.33,65.51,365.48
Heilongjiang,2018,38199.0,33.27,60.1,23.36,27.53,49.11,64.55,336.73
Heilongjiang,2019,41156.0,32.55,60.9,23.5,26.88,49.62,65.21,353.96
Hubei,1999,5452.0,59.38,33.52,20.2,40.6,39.2,59.08,164.69
Hubei,2000,6121.0,56.46,42.72,18.7,40.4,40.9,58.26,168.4
Hubei,2001,6866.0,56.58,40.8,17.8,40.5,41.7,59.58,164.17
Hubei,2002,7437.0,56.72,41.4,16.8,40.4,42.8,59.27,175.53
Hubei,2003,8378.0,56.85,42.0,16.8,41.0,42.2,59.16,196.28
Hubei,2004,9746.0,56.98,42.6,18.2,41.0,40.8,59.69,216.14
Hubei,2005,11342.0,57.1,43.2,16.5,42.7,40.8,57.92,238.35
Hubei,2006,13210.0,56.93,43.8,15.0,43.4,41.6,58.33,263.89
Hubei,2007,16593.0,56.99,44.3,14.1,43.7,42.2,57.39,291.72
Hubei,2008,20153.0,57.11,45.2,14.9,44.1,41.0,55.09,290.48
Hubei,2009,23081.0,57.2,46.0,13.0,45.8,41.2,55.86,311.98
Hubei,2010,28359.0,57.28,49.69,12.6,47.7,39.7,58.9,357.68
Hubei,2011,34719.0,57.6,51.83,12.4,49.0,38.6,61.25,406.43
Hubei,2012,39149.0,57.81,53.5,11.8,49.4,38.8,60.88,405.79
Hubei,2013,43835.0,57.98,54.51,11.4,46.7,41.9,52.23,348.27
Hubei,2014,48635.0,58.16,55.67,10.6,46.1,43.3,50.59,350.42
Hubei,2015,52021.0,58.5,56.85,10.3,44.7,45.0,50.38,347.21
Hubei,2016,56844.0,58.85,58.1,10.2,43.6,46.2,49.36,347.65
Hubei,2017,63169.0,59.04,59.3,9.5,42.2,48.3,48.35,354.38
Hubei,2018,71097.0,59.17,60.3,8.5,41.8,49.7,45.25,345.81
Hubei,2019,76712.0,59.27,61.0,8.4,41.2,50.4,45.13,366.87
Hunan,1999,4933.0,65.32,26.39,24.2,37.1,38.7,56.16,100.84
Hunan,2000,5590.0,65.62,29.75,22.1,36.4,41.5,52.28,97.95
Hunan,2001,6120.0,65.96,30.8,21.5,36.9,41.6,57.87,109.38
Hunan,2002,6734.0,66.29,32.0,20.4,36.7,42.9,56.31,117.23
Hunan,2003,7589.0,66.63,33.5,18.7,38.0,43.3,57.59,133.01
Hunan,2004,9004.0,66.98,35.5,18.5,38.5,43.0,56.98,163.31
Hunan,2005,10200.0,63.26,37.0,16.6,39.1,44.3,62.6,226.49
Hunan,2006,11733.0,63.42,38.71,17.6,40.8,41.6,62.87,240.95
Hunan,2007,14626.0,63.55,40.45,17.7,41.7,40.6,61.83,264.5
Hunan,2008,17758.0,63.8,42.15,18.0,43.1,38.9,61.62,261.38
Hunan,2009,19979.0,64.06,43.2,14.1,43.0,42.9,61.36,274.61
Hunan,2010,24005.0,65.7,46.72,13.3,45.2,41.5,59.94,291.32
Hunan,2011,28766.0,65.81,45.1,12.8,47.6,39.6,61.9,324.59
Hunan,2012,32203.0,65.9,46.65,12.1,46.8,41.1,57.87,318.99
Hunan,2013,35702.0,66.0,47.96,11.0,46.4,42.6,54.78,307.08
Hunan,2014,39181.0,66.11,49.28,10.3,46.2,43.5,54.5,297.25
Hunan,2015,43155.0,66.15,50.89,9.6,44.3,46.1,53.4,312.72
Hunan,2016,46606.0,66.25,52.75,9.4,43.2,47.4,54.17,314.84
Hunan,2017,51030.0,66.33,54.62,8.8,41.7,49.5,55.88,330.32
Hunan,2018,54763.0,66.35,56.02,8.5,38.3,53.2,50.38,310.97
Hunan,2019,60104.0,66.4,57.22,9.2,37.6,53.2,48.55,309.53
Jilin,1999,6311.0,26.58,48.41,25.13,39.12,35.74,61.23,114.63
Jilin,2000,6646.0,26.82,49.66,22.58,38.58,38.84,61.69,112.98
Jilin,2001,7076.0,26.91,49.8,21.33,39.32,39.35,63.11,117.98
Jilin,2002,7581.0,26.99,50.88,21.61,38.84,39.55,63.0,123.0
Jilin,2003,7925.0,27.04,51.77,22.73,37.63,39.64,61.75,139.34
Jilin,2004,9073.0,27.09,52.3,22.9,36.8,40.3,63.43,149.11
Jilin,2005,10237.0,27.16,52.52,22.28,36.1,41.62,63.12,182.94
Jilin,2006,11864.0,27.23,52.97,19.84,34.01,46.15,64.21,199.57
Jilin,2007,14966.0,27.3,53.16,18.51,36.22,45.28,62.77,210.81
Jilin,2008,17696.0,27.34,53.21,17.86,36.98,45.16,64.62,217.25
Jilin,2009,19858.0,27.4,53.32,16.35,37.81,45.84,64.85,221.7
Jilin,2010,23370.0,27.47,53.35,14.48,38.78,46.74,64.98,246.61
Jilin,2011,28270.0,27.25,53.4,14.3,37.9,47.8,65.53,283.4
Jilin,2012,32005.0,26.98,54.54,13.78,38.2,48.02,66.57,279.29
Jilin,2013,35139.0,26.68,55.74,13.26,37.89,48.85,64.8,267.31
Jilin,2014,37539.0,26.42,56.81,12.74,38.18,49.08,64.85,265.3
Jilin,2015,38128.0,26.13,57.64,12.68,38.31,49.01,65.17,247.99
Jilin,2016,40259.0,25.67,58.75,10.84,37.42,51.75,63.61,242.48
Jilin,2017,42890.0,25.26,59.71,10.03,36.58,53.39,62.88,241.77
Jilin,2018,44925.0,24.84,60.85,10.31,36.0,53.68,59.96,227.32
Jilin,2019,47554.0,24.48,58.27,10.98,35.26,53.76,59.24,234.61
Jiangsu,1999,10695.0,72.12,34.9,13.0,50.9,36.1,58.62,233.64
Jiangsu,2000,11765.0,73.59,41.5,12.0,51.7,36.3,55.67,243.51
Jiangsu,2001,12879.0,73.27,42.6,11.4,51.6,37.0,55.42,245.31
Jiangsu,2002,14397.0,73.81,44.7,10.5,52.2,37.3,54.62,264.54
Jiangsu,2003,16796.0,74.06,46.77,8.9,54.5,36.6,53.1,301.66
Jiangsu,2004,20852.0,74.33,48.18,8.5,56.5,35.0,53.1,370.21
Jiangsu,2005,24515.0,74.75,50.11,8.0,56.6,35.4,53.36,471.15
Jiangsu,2006,28685.0,75.5,51.9,7.1,56.6,36.3,53.0,512.28
Jiangsu,2007,33689.0,76.25,53.2,6.7,55.9,37.4,52.61,549.99
Jiangsu,2008,33689.0,76.77,54.3,6.9,55.0,38.1,52.93,563.87
Jiangsu,2009,44232.0,77.25,55.6,6.4,54.1,39.5,51.04,590.02
Jiangsu,2010,44232.0,77.25,60.6,6.4,54.1,39.5,49.75,658.63
Jiangsu,2011,61649.0,78.99,61.9,6.3,51.5,42.2,51.75,756.68
Jiangsu,2012,68347.0,79.2,63.0,6.3,50.2,43.5,50.99,768.98
Jiangsu,2013,74607.0,79.39,64.1,6.1,49.2,44.7,49.51,785.03
Jiangsu,2014,81874.0,79.6,65.2,5.6,47.7,46.7,47.8,779.13
Jiangsu,2015,87995.0,79.76,66.5,5.7,45.7,48.6,47.1,800.3
Jiangsu,2016,95259.0,79.99,67.7,5.4,44.5,50.1,46.35,832.5
Jiangsu,2017,107189.0,80.29,68.8,4.7,45.0,50.3,43.99,811.2
Jiangsu,2018,115168.0,80.51,69.61,4.5,44.5,51.0,41.85,795.62
Jiangsu,2019,123607.0,80.7,70.61,4.3,44.4,51.3,40.18,811.84
Jiangxi,1999,4402.0,42.31,26.79,25.06,35.0,39.94,59.6,66.49
Jiangxi,2000,4851.0,41.49,27.69,24.22,34.99,40.8,57.91,69.05
Jiangxi,2001,5221.0,41.86,30.41,23.26,36.13,40.61,58.51,71.13
Jiangxi,2002,5829.0,42.22,32.2,21.87,38.43,39.69,55.01,74.15
Jiangxi,2003,6636.0,42.54,34.02,19.61,42.82,37.58,55.87,87.82
Jiangxi,2004,7960.0,42.84,35.58,19.56,44.3,36.15,58.04,106.73
Jiangxi,2005,9172.0,43.11,37.0,18.21,46.55,35.24,57.63,117.36
Jiangxi,2006,10859.0,43.39,38.68,16.5,49.77,33.73,56.8,127.95
Jiangxi,2007,13270.0,43.68,39.8,15.03,51.06,33.9,58.09,139.71
Jiangxi,2008,15816.0,44.0,41.36,14.63,50.75,34.62,57.81,141.7
Jiangxi,2009,17277.0,44.32,43.18,13.92,50.89,35.19,55.48,148.36
Jiangxi,2010,21099.0,44.62,44.06,12.23,54.17,33.6,55.79,172.36
Jiangxi,2011,25928.0,44.74,45.7,11.4,54.71,33.89,55.77,189.93
Jiangxi,2012,28624.0,44.75,47.51,11.24,53.82,34.94,53.79,190.19
Jiangxi,2013,31952.0,44.76,48.87,10.77,53.58,35.65,53.51,202.88
Jiangxi,2014,34988.0,44.8,50.22,10.38,52.58,37.03,53.62,206.12
Jiangxi,2015,37436.0,44.85,51.6,10.22,49.86,39.92,52.68,214.82
Jiangxi,2016,40950.0,44.96,53.1,9.76,47.49,42.75,50.63,217.51
Jiangxi,2017,44878.0,45.11,54.6,9.08,46.73,44.19,49.72,221.78
Jiangxi,2018,50347.0,45.13,56.02,8.26,44.38,47.36,47.86,230.11
Jiangxi,2019,54640.0,45.16,57.4,8.34,43.86,47.79,46.92,234.92
Liaoning,1999,10086.0,41.71,53.9,12.22,47.82,39.97,46.15,304.61
Liaoning,2000,11177.0,41.84,54.9,10.53,50.03,39.43,46.62,347.08
Liaoning,2001,12015.0,41.94,55.01,10.54,48.31,41.15,44.18,346.4
Liaoning,2002,13000.0,42.03,55.51,10.52,47.63,41.85,43.78,359.15
Liaoning,2003,14041.0,42.1,56.01,10.12,48.1,41.77,44.91,390.9
Liaoning,2004,15355.0,42.17,56.01,11.97,45.72,42.31,46.02,432.11
Liaoning,2005,17210.0,42.21,58.7,11.77,47.43,40.8,44.42,494.98
Liaoning,2006,19760.0,42.71,58.99,10.83,48.4,40.77,44.74,532.7
Liaoning,2007,24022.0,42.98,59.2,10.47,49.17,40.37,44.17,576.53
Liaoning,2008,28185.0,43.15,60.05,10.02,51.68,38.3,43.38,590.74
Liaoning,2009,29611.0,43.41,60.35,10.12,51.03,38.85,43.67,611.68
Liaoning,2010,31888.0,43.75,62.14,10.57,51.68,37.75,41.78,670.09
Liaoning,2011,37353.0,43.79,64.05,10.35,51.84,37.8,41.86,711.71
Liaoning,2012,40778.0,43.75,65.65,10.47,49.79,39.74,41.06,732.57
Liaoning,2013,43956.0,43.65,66.45,10.27,47.92,41.81,42.36,696.38
Liaoning,2014,45915.0,43.58,67.05,10.0,45.14,44.87,41.99,695.82
Liaoning,2015,46482.0,43.38,67.35,10.16,41.29,48.55,41.26,683.21
Liaoning,2016,47069.0,43.27,67.37,9.03,38.57,52.4,39.98,687.08
Liaoning,2017,50221.0,43.12,67.49,8.77,38.39,52.84,40.29,705.53
Liaoning,2018,54657.0,42.91,68.1,8.59,38.49,52.92,38.54,748.97
Liaoning,2019,58019.0,42.77,60.6,8.76,38.12,53.11,37.12,818.41
Inner Mongolia,1999,5861.0,23.62,40.98,24.86,37.01,38.13,78.26,120.54
Inner Mongolia,2000,6502.0,23.72,42.2,22.79,37.85,39.35,77.92,129.47
Inner Mongolia,2001,7210.0,23.81,43.54,20.94,38.26,40.8,77.17,138.12
Inner Mongolia,2002,8146.0,23.84,44.05,19.3,38.89,41.81,76.4,152.29
Inner Mongolia,2003,10015.0,23.86,44.74,17.59,35.21,47.2,77.4,198.13
Inner Mongolia,2004,12315.0,23.93,45.86,17.77,35.39,46.85,76.76,251.12
Inner Mongolia,2005,14695.0,24.03,47.2,16.73,39.1,44.17,75.81,310.42
Inner Mongolia,2006,17275.0,24.15,48.64,15.26,41.39,43.36,74.25,363.15
Inner Mongolia,2007,21334.0,24.29,50.15,14.76,41.08,44.16,72.7,417.16
Inner Mongolia,2008,25620.0,24.44,51.72,14.46,40.93,44.6,74.29,498.16
Inner Mongolia,2009,28982.0,24.58,53.4,13.16,41.05,45.8,74.31,539.97
Inner Mongolia,2010,33262.0,24.72,55.53,13.39,41.71,44.9,74.89,595.93
Inner Mongolia,2011,38276.0,24.7,57.04,13.85,42.76,43.4,77.07,747.17
Inner Mongolia,2012,42441.0,24.64,58.42,13.88,43.49,42.63,77.83,777.37
Inner Mongolia,2013,46320.0,24.55,59.82,13.89,42.75,43.36,75.06,757.59
Inner Mongolia,2014,49585.0,24.49,60.97,13.47,42.07,44.46,75.62,776.42
Inner Mongolia,2015,52972.0,24.4,62.09,12.59,40.69,46.72,75.18,775.54
Inner Mongolia,2016,56560.0,24.36,63.4,11.97,40.46,47.57,74.67,782.67
Inner Mongolia,2017,61196.0,24.33,64.6,11.07,39.43,49.5,74.13,822.05
Inner Mongolia,2018,66491.0,24.22,65.51,10.85,39.25,49.9,74.11,937.69
Inner Mongolia,2019,71170.0,24.15,63.4,10.83,39.29,49.88,74.38,1041.32
Ningxia,1999,4900.0,5.43,28.62,18.2,39.2,42.6,62.2,25.2
Ningxia,2000,5376.0,5.54,32.56,15.6,41.2,43.2,59.94,25.21
Ningxia,2001,6039.0,5.63,33.33,14.7,40.3,45.0,38.39,16.99
Ningxia,2002,6647.0,5.72,34.17,14.0,40.6,45.4,0.0,8.77
Ningxia,2003,7686.0,5.8,36.94,12.6,43.3,44.1,71.14,66.81
Ningxia,2004,8904.0,5.88,40.58,12.0,44.7,43.3,65.6,64.15
Ningxia,2005,9796.0,5.96,42.28,11.9,44.8,43.3,69.12,71.76
Ningxia,2006,11389.0,6.04,43.0,11.2,47.1,41.7,66.06,78.5
Ningxia,2007,14458.0,6.1,44.02,11.0,48.1,40.9,68.77,88.79
Ningxia,2008,18554.0,6.18,44.98,10.9,49.0,40.1,66.03,97.86
Ningxia,2009,20382.0,6.25,46.1,9.4,46.8,43.8,67.54,107.65
Ningxia,2010,24984.0,6.33,47.96,9.6,46.7,43.7,68.95,127.11
Ningxia,2011,30161.0,6.48,49.73,9.1,47.6,43.3,71.34,169.65
Ningxia,2012,32609.0,6.59,50.67,8.9,46.5,44.6,67.96,182.15
Ningxia,2013,35135.0,6.66,52.01,9.1,45.5,45.4,67.24,194.11
Ningxia,2014,36815.0,6.78,53.61,8.8,45.0,46.2,68.04,198.18
Ningxia,2015,37876.0,6.84,55.23,9.2,43.3,47.5,66.22,204.66
Ningxia,2016,40339.0,6.95,56.29,8.7,42.4,48.9,64.76,202.81
Ningxia,2017,45718.0,7.05,57.98,7.8,43.9,48.3,68.24,251.23
Ningxia,2018,49614.0,7.1,58.88,8.0,42.4,49.6,70.9,279.03
Ningxia,2019,52537.0,7.17,59.86,7.5,42.3,50.2,71.47,302.05
Qinhai,1999,4728.0,5.1,34.57,17.6,29.8,52.6,55.7,15.5
Qinhai,2000,5138.0,5.17,34.76,15.22,41.27,43.51,49.72,13.61
Qinhai,2001,5774.0,5.23,36.33,14.9,30.7,54.4,54.11,16.0
Qinhai,2002,6478.0,5.29,37.65,13.3,32.0,54.7,51.46,15.46
Qinhai,2003,7248.0,5.34,38.16,12.0,33.2,54.8,48.29,17.17
Qinhai,2004,8275.0,5.39,38.5,13.1,34.8,52.1,43.21,18.08
Qinhai,2005,9233.0,5.43,39.25,12.03,48.7,39.27,42.66,18.8
Qinhai,2006,10728.0,5.48,39.26,11.2,39.0,49.8,44.26,24.67
Qinhai,2007,13100.0,5.52,40.07,11.3,38.2,50.5,44.42,28.45
Qinhai,2008,16220.0,5.54,40.86,11.5,39.1,49.4,46.01,35.91
Qinhai,2009,16907.0,5.57,41.9,11.2,38.9,49.9,44.3,36.3
Qinhai,2010,20418.0,5.63,44.72,9.99,55.14,34.87,37.92,36.47
Qinhai,2011,24233.0,5.68,46.22,11.1,40.4,48.5,38.14,42.25
Qinhai,2012,26839.0,5.71,47.44,11.4,40.6,48.0,41.38,49.94
Qinhai,2013,30005.0,5.71,48.51,9.6,54.3,36.1,41.48,55.27
Qinhai,2014,32218.0,5.76,49.78,9.4,53.6,37.0,36.88,51.2
Qinhai,2015,34883.0,5.77,50.3,10.4,37.8,51.8,33.92,45.78
Qinhai,2016,38968.0,5.82,51.63,8.6,48.59,42.81,40.53,54.44
Qinhai,2017,42211.0,5.86,53.07,9.08,44.29,46.63,36.27,51.05
Qinhai,2018,46854.0,5.87,54.47,9.8,39.8,50.4,33.54,49.42
Qinhai,2019,49976.0,5.9,55.52,10.3,39.2,50.5,32.31,48.49
Shandong,1999,8483.0,88.83,26.14,16.3,48.6,35.1,60.15,268.11
Shandong,2000,9260.0,89.98,26.77,15.1,49.8,35.1,52.02,260.05
Shandong,2001,10063.0,90.41,27.84,14.8,49.2,36.0,57.31,304.34
Shandong,2002,11120.0,90.82,29.0,13.6,50.0,36.4,61.18,330.35
Shandong,2003,11977.0,91.25,31.05,13.4,52.4,34.2,59.35,405.08
Shandong,2004,14540.0,91.8,32.15,13.1,55.1,31.8,56.72,514.42
Shandong,2005,17308.0,92.48,45.0,12.1,55.4,32.5,59.42,697.14
Shandong,2006,20443.0,93.09,46.1,11.1,55.7,33.2,60.31,782.59
Shandong,2007,24329.0,93.67,46.75,10.8,55.1,34.1,59.05,870.46
Shandong,2008,28861.0,94.17,47.6,10.6,55.0,34.4,59.65,937.94
Shandong,2009,31282.0,94.7,48.32,10.4,53.9,35.7,57.71,975.85
Shandong,2010,35599.0,95.88,49.67,9.2,52.2,38.6,55.9,1078.27
Shandong,2011,40581.0,96.65,50.95,8.8,51.1,40.1,54.97,1135.4
Shandong,2012,44348.0,97.08,52.43,8.6,51.4,40.0,54.14,1192.54
Shandong,2013,48673.0,97.46,53.75,8.3,49.7,42.0,51.44,1155.88
Shandong,2014,51933.0,98.08,55.01,8.1,48.4,43.5,50.77,1236.32
Shandong,2015,56205.0,98.66,57.01,8.9,44.9,46.2,48.27,1315.21
Shandong,2016,59239.0,99.73,59.02,7.3,45.4,47.3,45.27,1406.29
Shandong,2017,62993.0,100.33,60.58,7.7,42.7,49.6,42.38,1396.39
Shandong,2018,66284.0,100.77,61.18,7.4,41.3,51.3,44.83,1440.68
Shandong,2019,69901.0,101.06,61.51,7.3,39.9,52.8,44.73,1471.16
Shanxi,1999,5230.0,32.31,31.35,9.59,47.12,43.29,79.45,302.57
Shanxi,2000,5722.0,32.47,35.88,9.74,46.51,43.75,79.1,313.72
Shanxi,2001,6226.0,32.72,35.09,8.43,47.11,44.46,73.63,351.33
Shanxi,2002,7082.0,32.94,38.09,8.51,48.79,42.7,73.67,429.49
Shanxi,2003,8639.0,33.14,38.81,7.54,53.28,39.18,73.8,485.75
Shanxi,2004,10515.0,33.35,39.63,7.52,55.25,37.23,75.86,513.5
Shanxi,2005,12195.0,33.55,42.11,6.07,58.57,35.35,79.33,560.73
Shanxi,2006,14008.0,33.75,43.01,5.44,59.39,35.17,78.76,620.75
Shanxi,2007,17542.0,33.93,44.03,5.11,60.69,34.2,77.22,640.9
Shanxi,2008,21234.0,34.11,45.11,5.17,60.76,34.06,76.42,629.78
Shanxi,2009,20906.0,34.27,45.99,6.2,57.24,36.56,75.86,622.3
Shanxi,2010,25434.0,35.74,48.05,5.73,60.08,34.19,75.75,664.68
Shanxi,2011,30534.0,35.62,49.79,5.38,61.96,32.66,76.81,732.73
Shanxi,2012,32864.0,35.48,51.32,5.5,58.65,35.85,75.76,764.29
Shanxi,2013,33848.0,35.35,52.88,5.82,55.76,38.42,78.41,781.66
Shanxi,2014,34248.0,35.28,54.3,6.09,52.73,41.18,78.88,799.74
Shanxi,2015,33593.0,35.19,55.87,6.14,44.1,49.77,79.23,788.95
Shanxi,2016,33972.0,35.14,57.27,6.06,42.8,51.13,77.82,765.06
Shanxi,2017,41242.0,35.1,58.59,4.97,45.81,49.22,80.38,899.24
Shanxi,2018,45517.0,35.02,59.85,4.64,44.33,51.03,80.97,1022.78
Shanxi,2019,48469.0,34.97,61.11,4.87,44.02,51.12,80.93,1073.34
Shannxi,1999,4415.0,36.18,30.87,15.8,41.9,42.3,56.88,84.35
Shannxi,2000,4968.0,36.44,32.27,15.5,43.1,41.4,53.41,81.42
Shannxi,2001,5511.0,36.53,33.67,15.2,44.3,40.5,53.99,91.56
Shannxi,2002,6161.0,36.62,34.74,14.9,45.5,39.6,52.52,104.11
Shannxi,2003,7057.0,36.72,35.7,13.3,47.3,39.4,52.68,118.24
Shannxi,2004,8545.0,36.81,36.59,13.7,49.1,37.2,54.06,147.19
Shannxi,2005,10357.0,36.9,37.2,11.1,49.6,39.3,56.75,172.52
Shannxi,2006,12439.0,36.99,39.12,11.1,52.9,36.0,58.04,208.35
Shannxi,2007,15342.0,37.08,40.62,-477.6,543.0,34.6,56.34,227.84
Shannxi,2008,19331.0,37.18,42.1,11.0,56.1,32.9,57.14,255.62
Shannxi,2009,21485.0,37.27,43.5,9.7,51.8,38.5,55.95,279.01
Shannxi,2010,26388.0,37.35,45.7,9.8,51.5,38.7,58.04,330.46
Shannxi,2011,32467.0,37.65,46.22,9.8,55.4,34.8,59.72,366.01
Shannxi,2012,37453.0,37.87,49.7,9.5,53.8,36.7,61.92,421.48
Shannxi,2013,41906.0,38.04,51.31,9.0,55.0,36.0,63.69,446.98
Shannxi,2014,45610.0,38.27,52.57,8.8,54.1,37.1,64.31,470.96
Shannxi,2015,46654.0,38.46,54.7,8.9,48.4,42.7,65.06,464.8
Shannxi,2016,49341.0,38.74,55.34,8.7,48.9,42.4,67.3,475.42
Shannxi,2017,55216.0,39.04,56.8,8.1,47.1,44.8,66.68,483.98
Shannxi,2018,61115.0,39.31,58.1,7.5,49.7,42.8,65.1,472.39
Shannxi,2019,65506.0,39.44,61.3,7.7,45.7,46.6,65.66,511.45
Shanghai,1999,27293.0,14.74,88.08,1.72,47.13,51.15,42.64,159.42
Shanghai,2000,30307.0,16.09,81.22,1.55,46.05,52.4,41.71,172.62
Shanghai,2001,32089.0,16.68,78.69,1.45,45.91,52.64,41.33,177.79
Shanghai,2002,34277.0,17.13,77.42,1.34,45.48,53.19,40.61,181.98
Shanghai,2003,39117.0,17.66,75.52,1.16,47.61,51.23,38.65,203.71
Shanghai,2004,44998.0,18.35,73.25,1.0,47.8,51.2,37.4,213.91
Shanghai,2005,49377.0,18.9,89.09,0.96,46.92,52.13,36.02,227.51
Shanghai,2006,54996.0,19.64,88.7,0.86,46.51,52.63,34.57,225.26
Shanghai,2007,63951.0,20.64,88.7,0.77,44.08,55.14,34.09,230.93
Shanghai,2008,69154.0,21.41,88.6,0.75,42.76,56.49,33.72,241.81
Shanghai,2009,72363.0,22.1,88.6,0.71,39.29,60.0,32.84,239.97
Shanghai,2010,79396.0,23.03,89.29,0.64,41.5,57.86,33.21,260.78
Shanghai,2011,85897.0,23.56,89.3,0.63,40.83,58.54,33.88,266.32
Shanghai,2012,89613.0,23.99,89.3,0.61,38.37,61.03,31.91,260.5
Shanghai,2013,95746.0,24.48,89.6,0.57,35.71,63.72,30.51,271.23
Shanghai,2014,102827.0,24.67,89.6,0.52,34.16,65.31,28.57,245.51
Shanghai,2015,109186.0,24.58,87.6,0.47,31.27,68.26,26.8,252.89
Shanghai,2016,121369.0,24.67,87.9,0.38,28.68,70.94,25.86,252.9
Shanghai,2017,133489.0,24.66,87.7,0.34,28.93,70.73,25.06,257.7
Shanghai,2018,145767.0,24.75,88.1,0.29,28.77,70.94,25.1,242.71
Shanghai,2019,153299.0,24.81,88.0,0.28,26.83,72.88,23.52,250.22
Sichuan,1999,4540.0,85.5,26.2,26.2,37.0,36.8,63.63,117.47
Sichuan,2000,4956.0,83.29,26.7,26.7,36.5,36.8,62.17,117.5
Sichuan,2001,5376.0,81.43,27.2,27.2,36.6,36.2,58.15,116.82
Sichuan,2002,5890.0,81.1,28.2,28.2,36.7,35.1,59.62,134.73
Sichuan,2003,6565.0,81.76,30.1,30.1,37.8,32.1,63.06,173.49
Sichuan,2004,7751.0,80.9,31.1,31.1,38.7,30.2,62.03,199.97
Sichuan,2005,8828.0,82.12,33.0,33.0,41.2,25.8,58.48,197.18
Sichuan,2006,10371.0,81.69,34.3,34.3,43.1,22.6,57.43,219.32
Sichuan,2007,12963.0,81.27,35.6,35.6,43.6,20.8,56.76,246.45
Sichuan,2008,15685.0,81.38,37.4,37.4,45.2,17.4,58.74,275.3
Sichuan,2009,17387.0,81.85,38.7,38.7,46.9,14.4,59.57,308.81
Sichuan,2010,21230.0,80.45,40.18,40.18,48.1,11.72,54.54,308.86
Sichuan,2011,26136.0,80.64,41.85,41.85,47.6,10.55,51.83,316.17
Sichuan,2012,29627.0,80.85,43.35,43.35,46.9,9.75,51.32,331.28
Sichuan,2013,32750.0,81.09,44.96,44.96,46.8,8.24,48.75,340.27
Sichuan,2014,35563.0,81.39,46.51,46.51,45.3,8.19,44.76,349.85
Sichuan,2015,37150.0,81.96,48.27,48.27,43.5,8.23,39.85,325.02
Sichuan,2016,40297.0,82.51,50.0,50.0,40.6,9.4,38.73,310.75
Sichuan,2017,45835.0,82.89,51.78,51.78,38.4,9.82,35.06,295.07
Sichuan,2018,51658.0,83.21,53.5,53.5,37.4,9.1,35.05,260.32
Sichuan,2019,55619.0,83.51,53.79,53.79,37.3,8.91,33.61,279.54
Tianjin,1999,14985.0,9.59,71.39,4.95,50.01,45.04,48.84,76.85
Tianjin,2000,16236.0,10.01,72.01,4.63,49.93,45.44,47.59,85.18
Tianjin,2001,17523.0,10.04,72.63,4.48,48.88,46.64,48.54,88.74
Tianjin,2002,19161.0,10.07,73.25,4.37,48.34,47.29,51.45,92.27
Tianjin,2003,22371.0,10.11,73.87,3.98,50.39,45.63,51.06,101.15
Tianjin,2004,25761.0,10.24,74.49,4.02,51.44,44.54,49.42,114.57
Tianjin,2005,30567.0,10.43,75.11,3.56,51.62,44.82,49.7,123.02
Tianjin,2006,33411.0,10.75,75.73,2.92,51.85,45.23,46.47,130.61
Tianjin,2007,37976.0,11.15,76.31,2.59,51.07,46.35,44.66,138.33
Tianjin,2008,45242.0,11.76,77.23,2.25,51.32,46.43,45.19,137.07
Tianjin,2009,47497.0,12.28,78.01,2.09,49.19,48.71,43.66,147.32
Tianjin,2010,54053.0,12.99,79.57,1.93,47.72,50.35,42.05,179.6
Tianjin,2011,61458.0,13.41,80.5,1.74,46.3,51.96,42.12,196.89
Tianjin,2012,66517.0,13.78,81.55,1.64,45.71,52.65,42.1,196.96
Tianjin,2013,71345.0,14.1,82.01,1.56,44.31,54.13,40.56,202.0
Tianjin,2014,74960.0,14.29,82.27,1.49,43.38,55.13,39.86,193.08
Tianjin,2015,75868.0,14.39,82.64,1.49,41.27,57.24,37.1,185.18
Tianjin,2016,79647.0,14.43,82.93,1.47,38.06,60.47,36.37,173.09
Tianjin,2017,87280.0,14.1,82.93,1.36,36.66,61.98,33.83,169.75
Tianjin,2018,95689.0,13.83,83.15,1.31,36.18,62.5,32.6,172.22
Tianjin,2019,101557.0,13.85,83.48,1.32,35.2,63.48,31.8,172.36
Tibet,1999,4180.0,2.56,18.9,36.8,22.5,40.7,0.0,32.76
Tibet,2000,4572.0,2.58,19.3,33.4,22.9,43.7,0.0,37.83
Tibet,2001,5318.0,2.64,19.64,26.2,23.0,50.8,0.0,50.43
Tibet,2002,6094.0,2.68,19.89,23.9,20.2,55.9,0.0,57.7
Tibet,2003,6883.0,2.72,20.21,21.3,25.5,53.2,0.0,66.55
Tibet,2004,7946.0,2.76,20.52,19.3,23.5,57.2,0.0,75.28
Tibet,2005,8733.0,2.8,20.85,18.5,24.9,56.6,0.0,79.98
Tibet,2006,10112.0,2.85,21.13,16.7,26.6,56.7,0.0,89.8
Tibet,2007,11991.0,2.89,21.5,15.2,27.7,57.1,0.0,98.13
Tibet,2008,13703.0,2.92,21.9,14.5,27.8,57.7,0.0,102.31
Tibet,2009,15154.0,2.96,22.3,13.6,29.2,57.2,0.0,110.07
Tibet,2010,17209.0,3.0,22.67,12.6,30.3,57.1,0.0,118.54
Tibet,2011,20083.0,3.09,22.81,11.4,32.0,56.6,0.0,129.16
Tibet,2012,22762.0,3.15,22.87,10.6,31.8,57.6,0.0,134.1
Tibet,2013,26209.0,3.17,23.93,9.8,32.7,57.5,0.0,138.79
Tibet,2014,29275.0,3.25,26.23,9.4,33.0,57.6,0.0,139.87
Tibet,2015,31847.0,3.3,28.87,9.0,32.8,58.2,0.0,144.63
Tibet,2016,35015.0,3.4,31.57,9.4,33.3,57.3,0.0,137.79
Tibet,2017,39158.0,3.49,33.38,8.8,34.8,56.4,0.0,145.92
Tibet,2018,44051.0,3.54,30.9,8.8,42.5,48.7,0.0,146.01
Tibet,2019,47491.0,3.61,32.0,8.2,37.4,54.4,0.0,158.49
Xinjiang,1999,6443.0,17.74,52.34,22.0,35.3,42.7,48.65,90.61
Xinjiang,2000,7372.0,18.49,33.75,20.1,38.5,41.4,47.91,96.21
Xinjiang,2001,7945.0,18.76,33.75,18.4,37.6,44.0,47.73,96.79
Xinjiang,2002,8457.0,19.05,33.84,18.0,37.1,44.9,48.26,101.08
Xinjiang,2003,9842.0,19.34,34.39,20.8,40.9,38.3,48.94,109.36
Xinjiang,2004,11139.0,19.63,35.15,20.2,44.7,35.1,49.49,123.11
Xinjiang,2005,12687.0,20.1,37.15,19.3,47.7,33.0,45.6,141.91
Xinjiang,2006,14567.0,20.5,37.94,17.0,45.4,37.6,45.99,161.56
Xinjiang,2007,16887.0,20.95,39.15,17.0,48.1,34.9,46.68,176.12
Xinjiang,2008,19605.0,21.31,39.64,15.6,43.6,40.8,48.1,196.58
Xinjiang,2009,19755.0,21.59,39.85,16.6,46.3,37.1,53.15,232.36
Xinjiang,2010,24700.0,21.85,43.01,18.7,46.3,35.0,51.51,259.43
Xinjiang,2011,29624.0,22.25,43.73,16.0,47.4,36.6,51.87,306.88
Xinjiang,2012,33103.0,22.53,44.22,16.2,44.9,38.9,53.84,356.3
Xinjiang,2013,36988.0,22.85,44.94,15.8,41.5,42.7,54.49,404.33
Xinjiang,2014,40193.0,23.25,46.79,15.2,41.3,43.5,54.94,443.8
Xinjiang,2015,39520.0,23.85,48.78,15.1,37.0,47.9,56.56,456.1
Xinjiang,2016,40020.0,24.28,50.42,15.3,35.8,48.9,57.78,488.58
Xinjiang,2017,45476.0,24.8,51.9,13.9,36.7,49.4,57.48,524.7
Xinjiang,2018,51238.0,25.2,54.01,13.2,36.4,50.4,58.93,545.59
Xinjiang,2019,53542.0,25.59,51.87,13.1,35.2,51.7,60.06,582.37
Yunnan,1999,4558.0,41.92,47.5,21.4,42.7,35.9,61.78,73.88
Yunnan,2000,4814.0,42.41,23.36,21.8,41.2,37.0,63.92,75.17
Yunnan,2001,5063.0,42.87,24.87,20.6,40.4,39.0,60.65,78.61
Yunnan,2002,5472.0,43.33,26.01,19.6,39.9,40.5,57.35,90.65
Yunnan,2003,6048.0,43.76,26.6,18.8,40.2,41.0,60.91,120.25
Yunnan,2004,7136.0,44.15,28.1,19.4,40.4,40.2,60.95,149.91
Yunnan,2005,7890.0,44.5,29.5,18.5,39.7,41.8,61.09,175.67
Yunnan,2006,9158.0,44.83,30.5,17.2,40.9,41.9,61.59,193.6
Yunnan,2007,11287.0,45.14,31.6,16.7,40.5,42.8,59.02,202.36
Yunnan,2008,13286.0,45.43,33.0,16.7,41.2,42.1,58.73,208.3
Yunnan,2009,14427.0,45.71,34.0,16.0,39.6,44.4,60.8,226.37
Yunnan,2010,16866.0,46.02,34.81,14.1,42.2,43.7,59.8,239.28
Yunnan,2011,20653.0,46.2,36.8,14.7,40.0,45.3,58.05,247.02
Yunnan,2012,23992.0,46.31,39.31,14.8,40.2,45.0,56.32,256.57
Yunnan,2013,27665.0,46.41,40.48,14.6,39.0,46.4,55.18,252.84
Yunnan,2014,30217.0,46.53,41.73,14.3,38.3,47.4,52.33,226.94
Yunnan,2015,32117.0,46.63,43.33,13.9,36.7,49.4,51.35,202.56
Yunnan,2016,35051.0,46.77,45.03,13.6,35.1,51.3,50.33,200.41
Yunnan,2017,39458.0,46.93,46.69,12.6,34.2,53.2,45.94,209.63
Yunnan,2018,44446.0,47.03,47.81,12.0,34.8,53.2,41.97,238.31
Yunnan,2019,49323.0,47.14,48.91,13.1,34.3,52.6,40.66,247.45
Zhengjiang,1999,12229.0,44.75,46.0,11.1,54.63,34.27,51.86,139.94
Zhengjiang,2000,13467.0,46.8,47.83,10.24,53.32,36.44,49.36,165.0
Zhengjiang,2001,14726.0,47.29,49.66,9.52,51.82,38.65,48.07,169.81
Zhengjiang,2002,16918.0,47.76,50.5,8.52,51.15,40.33,47.1,184.7
Zhengjiang,2003,20249.0,48.57,51.06,7.36,52.56,40.08,47.5,219.39
Zhengjiang,2004,23476.0,49.25,51.75,7.0,53.65,39.35,46.84,257.56
Zhengjiang,2005,26277.0,49.91,56.02,6.77,53.37,39.86,46.64,299.91
Zhengjiang,2006,30415.0,50.72,56.5,5.97,54.21,39.82,48.24,336.42
Zhengjiang,2007,36454.0,51.55,57.2,5.2,54.31,40.49,49.38,374.89
Zhengjiang,2008,41061.0,52.12,57.6,5.04,54.09,40.87,47.98,382.52
Zhengjiang,2009,43543.0,52.76,57.9,4.97,52.04,42.99,46.71,397.58
Zhengjiang,2010,51110.0,54.47,61.61,4.83,51.61,43.56,45.13,424.51
Zhengjiang,2011,57828.0,55.7,62.3,4.82,51.08,44.1,44.73,447.51
Zhengjiang,2012,61097.0,56.85,63.2,4.68,49.56,45.75,44.15,433.09
Zhengjiang,2013,65105.0,57.84,64.0,4.6,48.65,46.75,42.51,433.3
Zhengjiang,2014,68569.0,58.9,64.87,4.31,48.92,46.76,41.87,424.21
Zhengjiang,2015,73276.0,59.85,65.8,4.07,47.36,48.57,41.38,428.95
Zhengjiang,2016,78384.0,60.72,67.0,4.0,45.65,50.35,40.87,423.99
Zhengjiang,2017,85612.0,61.7,68.0,3.69,44.36,51.95,39.52,442.54
Zhengjiang,2018,93230.0,62.73,68.9,3.41,43.63,52.96,38.94,428.63
Zhengjiang,2019,98770.0,63.75,70.0,3.34,42.1,54.55,36.57,437.07
Chongqing,1999,5890.0,28.6,34.3,17.0,42.1,40.9,68.53,66.54
Chongqing,2000,6383.0,28.49,35.6,15.4,42.5,42.1,66.67,65.49
Chongqing,2001,7096.0,28.29,37.4,14.4,42.7,42.9,69.23,61.89
Chongqing,2002,8079.0,28.14,39.9,13.7,43.0,43.3,70.02,68.06
Chongqing,2003,9311.0,28.03,41.9,12.7,44.5,42.8,64.53,60.44
Chongqing,2004,10934.0,27.93,43.5,13.7,45.5,40.8,63.23,68.92
Chongqing,2005,12335.0,27.98,45.2,13.2,45.2,41.6,61.01,83.17
Chongqing,2006,13915.0,28.08,46.7,9.7,48.0,42.3,62.27,89.87
Chongqing,2007,16966.0,28.16,48.3,9.8,46.9,43.3,62.18,97.95
Chongqing,2008,20865.0,28.39,50.0,9.4,45.1,45.5,66.28,122.35
Chongqing,2009,23346.0,28.59,51.6,8.7,45.4,45.9,67.04,132.22
Chongqing,2010,28084.0,28.85,53.0,8.1,44.9,47.0,66.52,145.62
Chongqing,2011,34864.0,29.44,55.0,7.8,45.0,47.2,65.41,166.4
Chongqing,2012,39180.0,29.75,57.0,8.2,52.4,39.4,62.53,162.12
Chongqing,2013,43527.0,30.11,58.3,7.9,50.5,41.6,59.23,137.71
Chongqing,2014,48311.0,30.43,59.6,7.4,45.8,46.8,58.51,146.5
Chongqing,2015,52480.0,30.7,60.9,7.3,45.0,47.7,57.77,146.83
Chongqing,2016,58327.0,31.1,62.6,7.3,44.5,48.2,54.0,144.75
Chongqing,2017,64171.0,31.44,64.1,6.9,44.1,49.0,52.55,145.0
Chongqing,2018,68460.0,31.63,66.6,6.4,41.0,52.6,49.01,132.58
Chongqing,2019,74337.0,31.88,68.2,6.6,39.8,53.6,47.3,133.07
