Name;Year;per capita gdp(yuan);total population(million);urbanization rate(%);proportion of primary industry(%);proportion of secondary industry(%);proportion of the tertiary industry(%);coal proportion(%);Total carbon dioxide emissions ( million tons )
Anhui;1999;4819,00 ;60,51 ;25,22 ;27,53 ;35,92 ;36,55 ;67,61 ;137,02 
;2000;5147,00 ;60,93 ;28,00 ;23,70 ;34,00 ;42,30 ;67,82 ;146,13 
;2001;5732,00 ;61,28 ;29,30 ;21,70 ;35,90 ;42,40 ;69,42 ;153,62 
;2002;6238,00 ;61,44 ;30,70 ;20,50 ;35,20 ;44,30 ;69,23 ;160,93 
;2003;7001,00 ;61,63 ;32,00 ;17,40 ;36,20 ;46,40 ;69,42 ;179,38 
;2004;8279,00 ;62,28 ;33,50 ;18,53 ;35,99 ;45,47 ;68,81 ;186,37 
;2005;9193,00 ;61,20 ;35,50 ;17,03 ;38,71 ;44,26 ;68,80 ;196,84 
;2006;10630,00 ;61,10 ;37,10 ;15,55 ;40,82 ;43,63 ;67,20 ;211,59 
;2007;12989,00 ;61,18 ;38,70 ;14,06 ;42,46 ;43,49 ;66,49 ;235,30 
;2008;15535,00 ;61,35 ;40,50 ;13,80 ;44,07 ;42,13 ;68,07 ;268,07 
;2009;17715,00 ;61,31 ;42,10 ;12,73 ;45,27 ;42,00 ;68,85 ;294,62 
;2010;21923,00 ;59,57 ;43,20 ;12,08 ;48,27 ;39,65 ;67,95 ;311,83 
;2011;27303,00 ;59,72 ;44,80 ;11,47 ;50,29 ;38,24 ;67,70 ;337,43 
;2012;30697,00 ;59,78 ;46,50 ;11,01 ;50,42 ;38,57 ;65,56 ;347,39 
;2013;34404,00 ;59,88 ;47,90 ;10,56 ;49,72 ;39,73 ;64,28 ;374,62 
;2014;37580,00 ;59,97 ;49,15 ;10,19 ;48,77 ;41,04 ;62,84 ;385,55 
;2015;39692,00 ;60,11 ;50,50 ;9,97 ;45,48 ;44,55 ;61,89 ;386,13 
;2016;43686,00 ;60,33 ;51,99 ;9,46 ;43,78 ;46,76 ;61,13 ;384,95 
;2017;49092,00 ;60,57 ;53,49 ;8,70 ;42,73 ;48,57 ;60,11 ;397,10 
;2018;56063,00 ;60,76 ;54,69 ;7,76 ;41,44 ;50,80 ;59,18 ;411,48 
;2019;60561,00 ;60,92 ;55,81 ;7,91 ;40,63 ;51,46 ;58,00 ;413,61 
Beijing;1999;22054,00 ;12,57 ;77,30 ;2,84 ;32,61 ;64,55 ;43,10 ;96,94 
;2000;25014,00 ;13,64 ;77,52 ;2,42 ;31,23 ;66,35 ;42,40 ;99,59 
;2001;28097,00 ;13,85 ;78,06 ;2,09 ;29,19 ;68,72 ;41,83 ;98,19 
;2002;32231,00 ;14,23 ;78,57 ;1,82 ;27,29 ;70,89 ;39,44 ;96,24 
;2003;36583,00 ;14,56 ;79,07 ;1,60 ;27,65 ;70,75 ;39,99 ;100,12 
;2004;42402,00 ;14,93 ;79,52 ;1,37 ;28,37 ;70,27 ;39,59 ;111,21 
;2005;47182,00 ;15,38 ;83,62 ;1,22 ;26,68 ;72,11 ;39,74 ;113,28 
;2006;53438,00 ;16,01 ;84,33 ;1,04 ;24,71 ;74,25 ;38,53 ;114,73 
;2007;63629,00 ;16,76 ;84,50 ;0,95 ;23,15 ;75,90 ;35,31 ;121,33 
;2008;68541,00 ;17,71 ;84,90 ;0,94 ;21,39 ;77,67 ;32,35 ;120,56 
;2009;71059,00 ;18,60 ;85,00 ;0,91 ;21,21 ;77,88 ;30,50 ;122,13 
;2010;78307,00 ;19,62 ;85,95 ;0,82 ;21,61 ;77,57 ;29,29 ;122,89 
;2011;86246,00 ;20,24 ;86,23 ;0,78 ;20,73 ;78,49 ;27,66 ;113,82 
;2012;92758,00 ;20,78 ;86,20 ;0,78 ;20,27 ;78,95 ;26,30 ;111,95 
;2013;100569,00 ;21,25 ;86,30 ;0,76 ;19,72 ;79,52 ;25,09 ;98,49 
;2014;106732,00 ;21,71 ;86,35 ;0,69 ;19,34 ;79,97 ;21,20 ;99,51 
;2015;113692,00 ;21,88 ;86,51 ;0,57 ;17,84 ;81,60 ;15,12 ;88,73 
;2016;123391,00 ;21,95 ;86,50 ;0,48 ;17,25 ;82,27 ;11,43 ;79,03 
;2017;136172,00 ;21,94 ;86,50 ;0,41 ;16,90 ;82,69 ;6,61 ;76,52 
;2018;150962,00 ;21,92 ;86,50 ;0,36 ;16,55 ;83,09 ;3,64 ;74,72 
;2019;161776,00 ;21,90 ;86,60 ;0,32 ;15,99 ;83,69 ;2,41 ;73,58 
Fujian;1999;10323,00 ;103,23 ;20,31 ;17,78 ;41,85 ;40,36 ;46,62 ;60,54 
;2000;11194,00 ;111,94 ;41,99 ;16,37 ;43,09 ;40,53 ;45,75 ;66,56 
;2001;11883,00 ;118,83 ;42,76 ;15,33 ;44,11 ;40,56 ;45,42 ;66,97 
;2002;12910,00 ;129,10 ;45,66 ;14,76 ;45,42 ;39,82 ;47,98 ;78,77 
;2003;14330,00 ;143,30 ;46,37 ;13,64 ;46,60 ;39,76 ;48,96 ;93,32 
;2004;16248,00 ;162,48 ;47,63 ;13,36 ;47,95 ;38,70 ;48,98 ;109,43 
;2005;18107,00 ;181,07 ;49,42 ;12,35 ;48,26 ;39,39 ;51,79 ;134,67 
;2006;20915,00 ;209,15 ;50,40 ;11,10 ;48,60 ;40,30 ;51,97 ;147,38 
;2007;25915,00 ;259,15 ;51,38 ;10,20 ;48,49 ;41,31 ;52,17 ;165,27 
;2008;30153,00 ;301,53 ;53,01 ;10,03 ;49,28 ;40,70 ;53,45 ;172,69 
;2009;33999,00 ;339,99 ;55,07 ;8,93 ;49,36 ;41,71 ;50,31 ;203,06 
;2010;40773,00 ;407,73 ;57,11 ;8,46 ;51,36 ;40,18 ;44,86 ;221,45 
;2011;47928,00 ;479,28 ;58,11 ;8,33 ;52,00 ;39,68 ;48,74 ;251,81 
;2012;52959,00 ;529,59 ;59,31 ;8,07 ;52,14 ;39,79 ;47,21 ;249,94 
;2013;58255,00 ;582,55 ;60,80 ;7,75 ;52,46 ;39,79 ;45,28 ;240,26 
;2014;63709,00 ;637,09 ;62,00 ;7,44 ;52,78 ;39,78 ;40,62 ;275,79 
;2015;67649,00 ;676,49 ;63,23 ;7,21 ;51,22 ;41,58 ;38,95 ;266,30 
;2016;74024,00 ;740,24 ;64,39 ;7,24 ;49,59 ;43,16 ;35,75 ;248,63 
;2017;83758,00 ;837,58 ;65,78 ;6,55 ;48,13 ;45,32 ;37,05 ;264,36 
;2018;94719,00 ;947,19 ;66,98 ;6,15 ;48,72 ;45,13 ;38,22 ;291,38 
;2019;102722,00 ;1027,22 ;66,50 ;6,13 ;47,41 ;46,46 ;36,82 ;310,77 
Gansu;1999;3778,00 ;25,43 ;23,72 ;20,06 ;42,88 ;37,06 ;43,10 ;96,94 
;2000;4163,00 ;25,15 ;24,01 ;18,44 ;40,04 ;41,52 ;42,40 ;99,59 
;2001;4467,00 ;25,23 ;24,51 ;18,48 ;40,70 ;40,82 ;41,83 ;98,19 
;2002;4875,00 ;25,31 ;25,96 ;17,49 ;40,72 ;41,79 ;39,44 ;96,24 
;2003;5525,00 ;25,37 ;27,38 ;17,00 ;40,88 ;42,12 ;39,99 ;100,12 
;2004;6512,00 ;25,41 ;28,61 ;17,13 ;41,14 ;41,73 ;39,59 ;111,21 
;2005;7332,00 ;25,45 ;30,02 ;15,93 ;41,80 ;42,27 ;39,74 ;113,28 
;2006;8653,00 ;25,47 ;31,09 ;14,97 ;44,15 ;40,88 ;38,53 ;114,73 
;2007;10501,00 ;25,48 ;31,59 ;13,68 ;46,88 ;39,44 ;35,31 ;121,33 
;2008;12048,00 ;25,51 ;32,15 ;12,74 ;46,55 ;40,71 ;32,35 ;120,56 
;2009;12802,00 ;25,55 ;32,65 ;12,80 ;45,08 ;42,12 ;30,50 ;122,13 
;2010;15421,00 ;25,60 ;36,12 ;11,98 ;48,44 ;39,58 ;29,29 ;122,89 
;2011;18846,00 ;25,52 ;37,15 ;10,91 ;47,51 ;41,58 ;27,66 ;113,82 
;2012;21141,00 ;25,50 ;38,75 ;10,96 ;46,23 ;42,81 ;26,30 ;111,95 
;2013;23647,00 ;25,37 ;40,13 ;10,94 ;44,46 ;44,60 ;25,09 ;98,49 
;2014;25724,00 ;25,31 ;41,68 ;10,67 ;43,32 ;46,01 ;21,20 ;99,51 
;2015;25946,00 ;25,23 ;43,19 ;11,19 ;38,21 ;50,60 ;15,12 ;88,73 
;2016;27396,00 ;25,20 ;44,69 ;11,59 ;35,95 ;52,46 ;11,43 ;79,03 
;2017;29103,00 ;25,22 ;46,39 ;11,72 ;34,29 ;53,99 ;6,61 ;76,52 
;2018;32178,00 ;25,15 ;47,69 ;11,43 ;34,07 ;54,50 ;3,64 ;74,72 
;2019;34707,00 ;25,09 ;48,49 ;12,05 ;32,83 ;55,12 ;2,41 ;73,58 
Guangdong;1999;11463,00 ;82,18 ;53,86 ;10,90 ;47,20 ;41,90 ;36,15 ;215,21 
;2000;12817,00 ;86,50 ;55,00 ;9,10 ;46,70 ;44,20 ;35,21 ;241,07 
;2001;13952,00 ;87,33 ;56,14 ;8,10 ;45,90 ;46,00 ;34,56 ;250,85 
;2002;15478,00 ;88,42 ;57,27 ;7,50 ;45,60 ;46,90 ;34,63 ;267,74 
;2003;17950,00 ;89,63 ;58,41 ;6,70 ;48,10 ;45,20 ;35,70 ;304,20 
;2004;20647,00 ;91,11 ;59,54 ;6,50 ;49,30 ;44,20 ;34,56 ;345,95 
;2005;23997,00 ;91,94 ;60,68 ;6,40 ;50,30 ;43,30 ;34,89 ;387,66 
;2006;27861,00 ;94,42 ;63,00 ;5,70 ;50,70 ;43,60 ;35,10 ;429,21 
;2007;33236,00 ;96,60 ;63,14 ;5,20 ;50,50 ;44,30 ;36,51 ;459,27 
;2008;37543,00 ;98,93 ;63,37 ;5,20 ;50,50 ;44,30 ;37,44 ;472,34 
;2009;39418,00 ;101,30 ;63,40 ;4,90 ;49,30 ;45,80 ;36,65 ;497,73 
;2010;44669,00 ;104,41 ;66,18 ;4,80 ;49,90 ;45,30 ;37,99 ;564,69 
;2011;50076,00 ;107,56 ;66,57 ;4,80 ;49,30 ;45,90 ;40,67 ;606,28 
;2012;52308,00 ;110,41 ;67,15 ;4,70 ;48,00 ;47,30 ;38,80 ;595,58 
;2013;56029,00 ;112,70 ;68,09 ;4,60 ;46,90 ;48,50 ;37,43 ;588,27 
;2014;59909,00 ;114,89 ;68,62 ;4,50 ;46,80 ;48,70 ;36,20 ;589,37 
;2015;64516,00 ;116,78 ;69,51 ;4,30 ;45,40 ;50,30 ;35,16 ;588,26 
;2016;69671,00 ;119,08 ;70,15 ;4,30 ;43,20 ;52,50 ;32,97 ;604,06 
;2017;76218,00 ;121,41 ;70,74 ;3,90 ;42,10 ;54,00 ;33,39 ;630,87 
;2018;81625,00 ;123,48 ;71,81 ;3,80 ;41,40 ;54,80 ;31,85 ;650,97 
;2019;86956,00 ;124,89 ;72,88 ;4,10 ;40,40 ;55,50 ;31,07 ;640,29 
Guangxi;1999;4444,00 ;47,13 ;22,92 ;28,80 ;34,50 ;36,70 ;58,63 ;52,10 
;2000;4652,00 ;47,51 ;28,14 ;26,80 ;35,10 ;38,10 ;57,43 ;55,76 
;2001;5058,00 ;47,88 ;28,20 ;25,30 ;33,70 ;41,00 ;56,61 ;55,76 
;2002;5559,00 ;48,22 ;28,31 ;23,90 ;33,50 ;42,60 ;51,78 ;57,78 
;2003;6120,00 ;48,57 ;29,05 ;23,60 ;34,10 ;42,30 ;53,68 ;68,95 
;2004;7182,00 ;48,89 ;31,70 ;24,50 ;34,80 ;40,70 ;54,87 ;90,31 
;2005;8069,00 ;46,60 ;33,62 ;24,20 ;35,40 ;40,40 ;53,80 ;102,54 
;2006;9421,00 ;47,19 ;34,64 ;23,20 ;36,30 ;40,50 ;54,29 ;112,69 
;2007;11542,00 ;47,68 ;36,24 ;22,20 ;37,90 ;39,90 ;54,03 ;128,62 
;2008;13471,00 ;48,16 ;36,24 ;22,00 ;38,20 ;39,80 ;51,97 ;127,63 
;2009;14708,00 ;48,56 ;39,20 ;22,00 ;38,20 ;39,80 ;51,77 ;141,54 
;2010;18070,00 ;46,10 ;40,01 ;19,20 ;40,50 ;40,30 ;51,45 ;172,11 
;2011;22234,00 ;46,55 ;41,90 ;19,50 ;41,20 ;39,30 ;48,49 ;211,56 
;2012;24181,00 ;46,94 ;43,48 ;16,70 ;47,90 ;35,40 ;46,22 ;232,23 
;2013;26416,00 ;47,31 ;45,11 ;15,90 ;46,60 ;37,50 ;46,42 ;229,33 
;2014;28603,00 ;47,70 ;46,54 ;15,40 ;46,70 ;37,90 ;42,63 ;227,58 
;2015;30890,00 ;48,11 ;48,00 ;17,30 ;36,40 ;46,30 ;39,20 ;216,17 
;2016;33340,00 ;48,57 ;48,10 ;17,40 ;34,90 ;47,70 ;40,52 ;227,18 
;2017;36441,00 ;49,07 ;49,20 ;16,20 ;34,50 ;49,30 ;38,99 ;238,93 
;2018;39837,00 ;49,47 ;50,20 ;15,40 ;34,10 ;50,50 ;40,62 ;245,00 
;2019;42778,00 ;49,82 ;51,10 ;16,00 ;33,30 ;50,70 ;41,34 ;258,49 
Guizhou;1999;2545,00 ;37,10 ;68,46 ;28,56 ;37,38 ;34,06 ;78,50 ;105,82 
;2000;2759,00 ;37,56 ;23,87 ;26,30 ;38,00 ;35,70 ;78,14 ;108,47 
;2001;3000,00 ;37,99 ;23,96 ;24,20 ;38,30 ;37,50 ;75,61 ;104,91 
;2002;3257,00 ;38,37 ;24,29 ;22,60 ;38,80 ;38,60 ;75,15 ;110,27 
;2003;3708,00 ;38,70 ;24,77 ;21,00 ;39,90 ;39,10 ;74,43 ;141,64 
;2004;4244,00 ;39,04 ;26,28 ;19,94 ;40,62 ;39,44 ;76,21 ;165,68 
;2005;5218,00 ;37,30 ;26,87 ;18,40 ;40,90 ;40,70 ;78,58 ;181,11 
;2006;6103,00 ;36,90 ;27,46 ;16,30 ;41,40 ;42,30 ;77,19 ;211,09 
;2007;7778,00 ;36,32 ;28,24 ;15,50 ;39,00 ;45,50 ;76,38 ;225,87 
;2008;9697,00 ;35,96 ;29,11 ;15,10 ;38,50 ;46,40 ;74,32 ;209,68 
;2009;10814,00 ;35,37 ;29,89 ;14,10 ;37,70 ;48,20 ;75,92 ;229,91 
;2010;12882,00 ;34,79 ;33,81 ;13,60 ;39,10 ;47,30 ;74,06 ;231,77 
;2011;16024,00 ;35,30 ;35,03 ;12,70 ;38,50 ;48,80 ;73,92 ;256,25 
;2012;18947,00 ;35,87 ;36,30 ;13,00 ;39,10 ;47,90 ;74,34 ;280,40 
;2013;22089,00 ;36,32 ;37,80 ;12,30 ;40,50 ;47,20 ;73,02 ;290,29 
;2014;25101,00 ;36,77 ;40,00 ;13,80 ;41,60 ;44,60 ;71,74 ;279,75 
;2015;28547,00 ;37,08 ;42,00 ;15,60 ;39,50 ;44,90 ;70,71 ;277,07 
;2016;31589,00 ;37,58 ;44,10 ;15,80 ;37,90 ;46,30 ;70,94 ;293,68 
;2017;35988,00 ;38,03 ;46,00 ;14,94 ;36,54 ;48,52 ;69,00 ;289,29 
;2018;40271,00 ;38,22 ;47,50 ;14,60 ;38,90 ;46,50 ;64,61 ;267,31 
;2019;43727,00 ;38,48 ;49,00 ;13,60 ;36,10 ;50,30 ;64,04 ;272,75 
Hainan;1999;6294,00 ;7,62 ;23,37 ;36,20 ;20,10 ;43,70 ;36,67 ;6,95 
;2000;6798,00 ;7,89 ;23,51 ;36,40 ;19,70 ;43,90 ;36,46 ;7,70 
;2001;7315,00 ;7,96 ;23,98 ;34,00 ;23,10 ;42,90 ;21,38 ;5,92 
;2002;8041,00 ;8,03 ;24,91 ;34,60 ;23,20 ;42,20 ;0,00 ;4,60 
;2003;8849,00 ;8,11 ;25,23 ;34,20 ;24,60 ;41,20 ;56,23 ;16,64 
;2004;9859,00 ;8,18 ;44,19 ;33,90 ;24,90 ;41,20 ;48,79 ;14,18 
;2005;10753,00 ;8,28 ;45,20 ;32,80 ;26,00 ;41,20 ;39,01 ;11,52 
;2006;12350,00 ;8,36 ;46,10 ;30,20 ;28,40 ;41,40 ;25,00 ;19,17 
;2007;14683,00 ;8,45 ;47,20 ;28,50 ;28,70 ;42,80 ;17,09 ;39,08 
;2008;17357,00 ;8,54 ;48,00 ;28,70 ;28,00 ;43,30 ;18,49 ;40,98 
;2009;18860,00 ;8,64 ;49,13 ;27,70 ;26,70 ;45,60 ;19,43 ;44,33 
;2010;23323,00 ;8,69 ;47,76 ;25,80 ;26,20 ;48,00 ;21,35 ;47,88 
;2011;28014,00 ;8,90 ;50,50 ;25,80 ;27,20 ;47,00 ;23,80 ;53,47 
;2012;30993,00 ;9,10 ;51,60 ;24,50 ;26,80 ;48,70 ;25,45 ;56,49 
;2013;34053,00 ;9,20 ;52,74 ;23,20 ;24,10 ;52,70 ;29,12 ;51,58 
;2014;37166,00 ;9,36 ;53,76 ;23,00 ;24,00 ;53,00 ;26,46 ;57,75 
;2015;39704,00 ;9,45 ;55,12 ;22,40 ;23,60 ;54,00 ;25,10 ;64,58 
;2016;43009,00 ;9,57 ;56,78 ;22,60 ;22,10 ;55,30 ;23,86 ;63,53 
;2017;46631,00 ;9,72 ;58,04 ;21,40 ;22,20 ;56,40 ;26,13 ;61,56 
;2018;50263,00 ;9,82 ;59,10 ;20,10 ;21,40 ;58,50 ;26,28 ;64,41 
;2019;53929,00 ;9,95 ;59,20 ;20,30 ;20,70 ;59,00 ;24,55 ;66,18 
Hebei;1999;6310,00 ;66,14 ;23,62 ;19,38 ;45,09 ;35,53 ;66,98 ;287,24 
;2000;6966,00 ;66,74 ;26,09 ;17,82 ;46,38 ;35,80 ;66,47 ;299,66 
;2001;7572,00 ;66,99 ;28,56 ;18,05 ;45,30 ;36,65 ;66,52 ;311,08 
;2002;8216,00 ;67,35 ;31,04 ;17,34 ;44,71 ;37,95 ;64,99 ;346,02 
;2003;9380,00 ;67,69 ;33,51 ;16,80 ;46,15 ;37,05 ;61,67 ;394,25 
;2004;11178,00 ;68,09 ;35,83 ;17,57 ;45,70 ;36,73 ;60,74 ;459,70 
;2005;12845,00 ;68,51 ;37,69 ;15,33 ;47,00 ;37,66 ;59,25 ;572,31 
;2006;14609,00 ;68,98 ;38,77 ;13,96 ;47,51 ;38,53 ;56,42 ;619,04 
;2007;17561,00 ;69,43 ;40,25 ;14,29 ;48,13 ;37,57 ;59,06 ;673,80 
;2008;20385,00 ;69,89 ;41,90 ;13,78 ;49,17 ;37,05 ;56,32 ;703,05 
;2009;21831,00 ;70,34 ;43,74 ;13,86 ;46,81 ;39,33 ;56,98 ;748,95 
;2010;25308,00 ;71,94 ;43,94 ;13,74 ;47,05 ;39,21 ;54,35 ;804,89 
;2011;29647,00 ;72,32 ;45,59 ;12,64 ;48,05 ;39,31 ;54,07 ;909,80 
;2012;31844,00 ;72,62 ;46,60 ;12,63 ;47,32 ;40,06 ;54,25 ;920,60 
;2013;33346,00 ;72,88 ;48,02 ;12,95 ;46,08 ;40,97 ;54,27 ;920,67 
;2014;34507,00 ;73,23 ;49,36 ;12,55 ;45,53 ;41,92 ;52,85 ;873,79 
;2015;35994,00 ;73,45 ;51,67 ;11,75 ;43,64 ;44,62 ;52,56 ;862,31 
;2016;38688,00 ;73,75 ;53,87 ;10,83 ;43,31 ;45,86 ;50,73 ;863,61 
;2017;41451,00 ;74,09 ;55,74 ;10,22 ;41,70 ;48,08 ;50,16 ;838,72 
;2018;43808,00 ;74,26 ;57,33 ;10,27 ;39,71 ;50,01 ;49,78 ;916,13 
;2019;47036,00 ;74,47 ;57,62 ;10,06 ;38,29 ;51,65 ;47,96 ;913,53 
Henan;1999;4832,00 ;93,87 ;21,99 ;24,08 ;43,63 ;32,29 ;66,90 ;196,85 
;2000;5450,00 ;94,88 ;23,20 ;22,30 ;45,20 ;32,50 ;66,57 ;207,47 
;2001;5959,00 ;95,55 ;24,43 ;21,60 ;45,14 ;33,26 ;66,26 ;220,68 
;2002;6487,00 ;96,13 ;25,80 ;20,00 ;47,74 ;32,26 ;66,90 ;240,50 
;2003;7376,00 ;96,67 ;27,20 ;17,27 ;48,23 ;34,50 ;70,84 ;245,32 
;2004;9047,00 ;97,17 ;28,90 ;19,59 ;48,52 ;31,89 ;67,22 ;347,15 
;2005;10978,00 ;93,80 ;30,65 ;18,00 ;50,80 ;31,20 ;70,38 ;420,38 
;2006;12761,00 ;93,92 ;32,50 ;15,61 ;52,73 ;31,66 ;70,74 ;475,92 
;2007;15811,00 ;93,60 ;34,34 ;14,55 ;53,32 ;32,13 ;69,71 ;527,02 
;2008;18879,00 ;94,29 ;36,03 ;14,52 ;54,77 ;30,71 ;69,02 ;543,01 
;2009;20280,00 ;94,87 ;37,70 ;13,90 ;53,83 ;32,27 ;68,82 ;554,42 
;2010;23984,00 ;94,05 ;38,82 ;13,80 ;53,70 ;32,50 ;67,31 ;599,15 
;2011;27901,00 ;94,61 ;40,60 ;13,00 ;57,30 ;29,70 ;66,25 ;659,80 
;2012;30497,00 ;95,32 ;42,40 ;12,70 ;56,30 ;31,00 ;62,10 ;612,79 
;2013;33114,00 ;95,73 ;43,80 ;12,30 ;52,00 ;35,70 ;61,82 ;601,92 
;2014;35982,00 ;96,45 ;45,20 ;11,90 ;51,00 ;37,10 ;59,21 ;608,80 
;2015;38338,00 ;97,01 ;47,02 ;10,80 ;48,40 ;40,80 ;58,04 ;609,44 
;2016;41326,00 ;97,78 ;48,50 ;10,10 ;47,90 ;42,00 ;56,92 ;601,67 
;2017;45723,00 ;98,29 ;50,20 ;9,30 ;47,40 ;43,30 ;57,25 ;568,30 
;2018;50714,00 ;98,64 ;51,70 ;8,90 ;45,90 ;45,20 ;56,77 ;548,84 
;2019;54356,00 ;99,01 ;54,00 ;8,50 ;43,50 ;48,00 ;54,37 ;505,00 
Heilongjiang;1999;6707,00 ;37,92 ;54,20 ;14,55 ;57,81 ;27,64 ;52,86 ;179,71 
;2000;7515,00 ;38,07 ;51,94 ;13,15 ;57,20 ;29,64 ;52,25 ;185,63 
;2001;7990,00 ;38,11 ;52,38 ;14,01 ;54,74 ;31,25 ;50,91 ;179,96 
;2002;8507,00 ;38,13 ;52,57 ;14,32 ;53,30 ;32,39 ;51,14 ;178,64 
;2003;9464,00 ;38,15 ;52,59 ;13,66 ;54,20 ;32,14 ;53,80 ;199,89 
;2004;10836,00 ;38,17 ;52,78 ;14,05 ;54,91 ;31,04 ;56,17 ;217,01 
;2005;12456,00 ;38,20 ;53,10 ;14,18 ;55,85 ;29,97 ;58,36 ;246,27 
;2006;13947,00 ;38,23 ;53,50 ;13,73 ;56,25 ;30,02 ;58,09 ;260,41 
;2007;16023,00 ;38,24 ;53,90 ;14,57 ;55,22 ;30,21 ;59,27 ;279,13 
;2008;18654,00 ;38,25 ;55,40 ;15,05 ;55,16 ;29,79 ;63,47 ;296,32 
;2009;18871,00 ;38,26 ;55,50 ;15,82 ;50,81 ;33,37 ;59,95 ;310,04 
;2010;21694,00 ;38,33 ;55,67 ;15,55 ;49,90 ;34,55 ;61,04 ;336,79 
;2011;26093,00 ;37,82 ;56,50 ;17,07 ;49,48 ;33,45 ;61,46 ;361,42 
;2012;29352,00 ;37,24 ;56,90 ;19,24 ;46,30 ;34,46 ;62,21 ;378,32 
;2013;32068,00 ;36,66 ;57,40 ;21,43 ;43,91 ;34,66 ;62,55 ;353,75 
;2014;33464,00 ;36,08 ;58,01 ;22,11 ;40,03 ;37,86 ;63,20 ;358,68 
;2015;32759,00 ;35,29 ;58,80 ;23,20 ;33,59 ;43,21 ;62,64 ;356,79 
;2016;34025,00 ;34,63 ;59,20 ;23,13 ;31,02 ;45,85 ;64,04 ;364,16 
;2017;35887,00 ;33,99 ;59,40 ;24,08 ;28,58 ;47,33 ;65,51 ;365,48 
;2018;38199,00 ;33,27 ;60,10 ;23,36 ;27,53 ;49,11 ;64,55 ;336,73 
;2019;41156,00 ;32,55 ;60,90 ;23,50 ;26,88 ;49,62 ;65,21 ;353,96 
Hubei;1999;5452,00 ;59,38 ;33,52 ;20,20 ;40,60 ;39,20 ;59,08 ;164,69 
;2000;6121,00 ;56,46 ;42,72 ;18,70 ;40,40 ;40,90 ;58,26 ;168,40 
;2001;6866,00 ;56,58 ;40,80 ;17,80 ;40,50 ;41,70 ;59,58 ;164,17 
;2002;7437,00 ;56,72 ;41,40 ;16,80 ;40,40 ;42,80 ;59,27 ;175,53 
;2003;8378,00 ;56,85 ;42,00 ;16,80 ;41,00 ;42,20 ;59,16 ;196,28 
;2004;9746,00 ;56,98 ;42,60 ;18,20 ;41,00 ;40,80 ;59,69 ;216,14 
;2005;11342,00 ;57,10 ;43,20 ;16,50 ;42,70 ;40,80 ;57,92 ;238,35 
;2006;13210,00 ;56,93 ;43,80 ;15,00 ;43,40 ;41,60 ;58,33 ;263,89 
;2007;16593,00 ;56,99 ;44,30 ;14,10 ;43,70 ;42,20 ;57,39 ;291,72 
;2008;20153,00 ;57,11 ;45,20 ;14,90 ;44,10 ;41,00 ;55,09 ;290,48 
;2009;23081,00 ;57,20 ;46,00 ;13,00 ;45,80 ;41,20 ;55,86 ;311,98 
;2010;28359,00 ;57,28 ;49,69 ;12,60 ;47,70 ;39,70 ;58,90 ;357,68 
;2011;34719,00 ;57,60 ;51,83 ;12,40 ;49,00 ;38,60 ;61,25 ;406,43 
;2012;39149,00 ;57,81 ;53,50 ;11,80 ;49,40 ;38,80 ;60,88 ;405,79 
;2013;43835,00 ;57,98 ;54,51 ;11,40 ;46,70 ;41,90 ;52,23 ;348,27 
;2014;48635,00 ;58,16 ;55,67 ;10,60 ;46,10 ;43,30 ;50,59 ;350,42 
;2015;52021,00 ;58,50 ;56,85 ;10,30 ;44,70 ;45,00 ;50,38 ;347,21 
;2016;56844,00 ;58,85 ;58,10 ;10,20 ;43,60 ;46,20 ;49,36 ;347,65 
;2017;63169,00 ;59,04 ;59,30 ;9,50 ;42,20 ;48,30 ;48,35 ;354,38 
;2018;71097,00 ;59,17 ;60,30 ;8,50 ;41,80 ;49,70 ;45,25 ;345,81 
;2019;76712,00 ;59,27 ;61,00 ;8,40 ;41,20 ;50,40 ;45,13 ;366,87 
Hunan;1999;4933,00 ;65,32 ;26,39 ;24,20 ;37,10 ;38,70 ;56,16 ;100,84 
;2000;5590,00 ;65,62 ;29,75 ;22,10 ;36,40 ;41,50 ;52,28 ;97,95 
;2001;6120,00 ;65,96 ;30,80 ;21,50 ;36,90 ;41,60 ;57,87 ;109,38 
;2002;6734,00 ;66,29 ;32,00 ;20,40 ;36,70 ;42,90 ;56,31 ;117,23 
;2003;7589,00 ;66,63 ;33,50 ;18,70 ;38,00 ;43,30 ;57,59 ;133,01 
;2004;9004,00 ;66,98 ;35,50 ;18,50 ;38,50 ;43,00 ;56,98 ;163,31 
;2005;10200,00 ;63,26 ;37,00 ;16,60 ;39,10 ;44,30 ;62,60 ;226,49 
;2006;11733,00 ;63,42 ;38,71 ;17,60 ;40,80 ;41,60 ;62,87 ;240,95 
;2007;14626,00 ;63,55 ;40,45 ;17,70 ;41,70 ;40,60 ;61,83 ;264,50 
;2008;17758,00 ;63,80 ;42,15 ;18,00 ;43,10 ;38,90 ;61,62 ;261,38 
;2009;19979,00 ;64,06 ;43,20 ;14,10 ;43,00 ;42,90 ;61,36 ;274,61 
;2010;24005,00 ;65,70 ;46,72 ;13,30 ;45,20 ;41,50 ;59,94 ;291,32 
;2011;28766,00 ;65,81 ;45,10 ;12,80 ;47,60 ;39,60 ;61,90 ;324,59 
;2012;32203,00 ;65,90 ;46,65 ;12,10 ;46,80 ;41,10 ;57,87 ;318,99 
;2013;35702,00 ;66,00 ;47,96 ;11,00 ;46,40 ;42,60 ;54,78 ;307,08 
;2014;39181,00 ;66,11 ;49,28 ;10,30 ;46,20 ;43,50 ;54,50 ;297,25 
;2015;43155,00 ;66,15 ;50,89 ;9,60 ;44,30 ;46,10 ;53,40 ;312,72 
;2016;46606,00 ;66,25 ;52,75 ;9,40 ;43,20 ;47,40 ;54,17 ;314,84 
;2017;51030,00 ;66,33 ;54,62 ;8,80 ;41,70 ;49,50 ;55,88 ;330,32 
;2018;54763,00 ;66,35 ;56,02 ;8,50 ;38,30 ;53,20 ;50,38 ;310,97 
;2019;60104,00 ;66,40 ;57,22 ;9,20 ;37,60 ;53,20 ;48,55 ;309,53 
Jilin;1999;6311,00 ;26,58 ;48,41 ;25,13 ;39,12 ;35,74 ;61,23 ;114,63 
;2000;6646,00 ;26,82 ;49,66 ;22,58 ;38,58 ;38,84 ;61,69 ;112,98 
;2001;7076,00 ;26,91 ;49,80 ;21,33 ;39,32 ;39,35 ;63,11 ;117,98 
;2002;7581,00 ;26,99 ;50,88 ;21,61 ;38,84 ;39,55 ;63,00 ;123,00 
;2003;7925,00 ;27,04 ;51,77 ;22,73 ;37,63 ;39,64 ;61,75 ;139,34 
;2004;9073,00 ;27,09 ;52,30 ;22,90 ;36,80 ;40,30 ;63,43 ;149,11 
;2005;10237,00 ;27,16 ;52,52 ;22,28 ;36,10 ;41,62 ;63,12 ;182,94 
;2006;11864,00 ;27,23 ;52,97 ;19,84 ;34,01 ;46,15 ;64,21 ;199,57 
;2007;14966,00 ;27,30 ;53,16 ;18,51 ;36,22 ;45,28 ;62,77 ;210,81 
;2008;17696,00 ;27,34 ;53,21 ;17,86 ;36,98 ;45,16 ;64,62 ;217,25 
;2009;19858,00 ;27,40 ;53,32 ;16,35 ;37,81 ;45,84 ;64,85 ;221,70 
;2010;23370,00 ;27,47 ;53,35 ;14,48 ;38,78 ;46,74 ;64,98 ;246,61 
;2011;28270,00 ;27,25 ;53,40 ;14,30 ;37,90 ;47,80 ;65,53 ;283,40 
;2012;32005,00 ;26,98 ;54,54 ;13,78 ;38,20 ;48,02 ;66,57 ;279,29 
;2013;35139,00 ;26,68 ;55,74 ;13,26 ;37,89 ;48,85 ;64,80 ;267,31 
;2014;37539,00 ;26,42 ;56,81 ;12,74 ;38,18 ;49,08 ;64,85 ;265,30 
;2015;38128,00 ;26,13 ;57,64 ;12,68 ;38,31 ;49,01 ;65,17 ;247,99 
;2016;40259,00 ;25,67 ;58,75 ;10,84 ;37,42 ;51,75 ;63,61 ;242,48 
;2017;42890,00 ;25,26 ;59,71 ;10,03 ;36,58 ;53,39 ;62,88 ;241,77 
;2018;44925,00 ;24,84 ;60,85 ;10,31 ;36,00 ;53,68 ;59,96 ;227,32 
;2019;47554,00 ;24,48 ;58,27 ;10,98 ;35,26 ;53,76 ;59,24 ;234,61 
Jiangsu;1999;10695,00 ;72,12 ;34,90 ;13,00 ;50,90 ;36,10 ;58,62 ;233,64 
;2000;11765,00 ;73,59 ;41,50 ;12,00 ;51,70 ;36,30 ;55,67 ;243,51 
;2001;12879,00 ;73,27 ;42,60 ;11,40 ;51,60 ;37,00 ;55,42 ;245,31 
;2002;14397,00 ;73,81 ;44,70 ;10,50 ;52,20 ;37,30 ;54,62 ;264,54 
;2003;16796,00 ;74,06 ;46,77 ;8,90 ;54,50 ;36,60 ;53,10 ;301,66 
;2004;20852,00 ;74,33 ;48,18 ;8,50 ;56,50 ;35,00 ;53,10 ;370,21 
;2005;24515,00 ;74,75 ;50,11 ;8,00 ;56,60 ;35,40 ;53,36 ;471,15 
;2006;28685,00 ;75,50 ;51,90 ;7,10 ;56,60 ;36,30 ;53,00 ;512,28 
;2007;33689,00 ;76,25 ;53,20 ;6,70 ;55,90 ;37,40 ;52,61 ;549,99 
;2008;33689,00 ;76,77 ;54,30 ;6,90 ;55,00 ;38,10 ;52,93 ;563,87 
;2009;44232,00 ;77,25 ;55,60 ;6,40 ;54,10 ;39,50 ;51,04 ;590,02 
;2010;44232,00 ;77,25 ;60,60 ;6,40 ;54,10 ;39,50 ;49,75 ;658,63 
;2011;61649,00 ;78,99 ;61,90 ;6,30 ;51,50 ;42,20 ;51,75 ;756,68 
;2012;68347,00 ;79,20 ;63,00 ;6,30 ;50,20 ;43,50 ;50,99 ;768,98 
;2013;74607,00 ;79,39 ;64,10 ;6,10 ;49,20 ;44,70 ;49,51 ;785,03 
;2014;81874,00 ;79,60 ;65,20 ;5,60 ;47,70 ;46,70 ;47,80 ;779,13 
;2015;87995,00 ;79,76 ;66,50 ;5,70 ;45,70 ;48,60 ;47,10 ;800,30 
;2016;95259,00 ;79,99 ;67,70 ;5,40 ;44,50 ;50,10 ;46,35 ;832,50 
;2017;107189,00 ;80,29 ;68,80 ;4,70 ;45,00 ;50,30 ;43,99 ;811,20 
;2018;115168,00 ;80,51 ;69,61 ;4,50 ;44,50 ;51,00 ;41,85 ;795,62 
;2019;123607,00 ;80,70 ;70,61 ;4,30 ;44,40 ;51,30 ;40,18 ;811,84 
Jiangxi;1999;4402,00 ;42,31 ;26,79 ;25,06 ;35,00 ;39,94 ;59,60 ;66,49 
;2000;4851,00 ;41,49 ;27,69 ;24,22 ;34,99 ;40,80 ;57,91 ;69,05 
;2001;5221,00 ;41,86 ;30,41 ;23,26 ;36,13 ;40,61 ;58,51 ;71,13 
;2002;5829,00 ;42,22 ;32,20 ;21,87 ;38,43 ;39,69 ;55,01 ;74,15 
;2003;6636,00 ;42,54 ;34,02 ;19,61 ;42,82 ;37,58 ;55,87 ;87,82 
;2004;7960,00 ;42,84 ;35,58 ;19,56 ;44,30 ;36,15 ;58,04 ;106,73 
;2005;9172,00 ;43,11 ;37,00 ;18,21 ;46,55 ;35,24 ;57,63 ;117,36 
;2006;10859,00 ;43,39 ;38,68 ;16,50 ;49,77 ;33,73 ;56,80 ;127,95 
;2007;13270,00 ;43,68 ;39,80 ;15,03 ;51,06 ;33,90 ;58,09 ;139,71 
;2008;15816,00 ;44,00 ;41,36 ;14,63 ;50,75 ;34,62 ;57,81 ;141,70 
;2009;17277,00 ;44,32 ;43,18 ;13,92 ;50,89 ;35,19 ;55,48 ;148,36 
;2010;21099,00 ;44,62 ;44,06 ;12,23 ;54,17 ;33,60 ;55,79 ;172,36 
;2011;25928,00 ;44,74 ;45,70 ;11,40 ;54,71 ;33,89 ;55,77 ;189,93 
;2012;28624,00 ;44,75 ;47,51 ;11,24 ;53,82 ;34,94 ;53,79 ;190,19 
;2013;31952,00 ;44,76 ;48,87 ;10,77 ;53,58 ;35,65 ;53,51 ;202,88 
;2014;34988,00 ;44,80 ;50,22 ;10,38 ;52,58 ;37,03 ;53,62 ;206,12 
;2015;37436,00 ;44,85 ;51,60 ;10,22 ;49,86 ;39,92 ;52,68 ;214,82 
;2016;40950,00 ;44,96 ;53,10 ;9,76 ;47,49 ;42,75 ;50,63 ;217,51 
;2017;44878,00 ;45,11 ;54,60 ;9,08 ;46,73 ;44,19 ;49,72 ;221,78 
;2018;50347,00 ;45,13 ;56,02 ;8,26 ;44,38 ;47,36 ;47,86 ;230,11 
;2019;54640,00 ;45,16 ;57,40 ;8,34 ;43,86 ;47,79 ;46,92 ;234,92 
Liaoning;1999;10086,00 ;41,71 ;53,90 ;12,22 ;47,82 ;39,97 ;46,15 ;304,61 
;2000;11177,00 ;41,84 ;54,90 ;10,53 ;50,03 ;39,43 ;46,62 ;347,08 
;2001;12015,00 ;41,94 ;55,01 ;10,54 ;48,31 ;41,15 ;44,18 ;346,40 
;2002;13000,00 ;42,03 ;55,51 ;10,52 ;47,63 ;41,85 ;43,78 ;359,15 
;2003;14041,00 ;42,10 ;56,01 ;10,12 ;48,10 ;41,77 ;44,91 ;390,90 
;2004;15355,00 ;42,17 ;56,01 ;11,97 ;45,72 ;42,31 ;46,02 ;432,11 
;2005;17210,00 ;42,21 ;58,70 ;11,77 ;47,43 ;40,80 ;44,42 ;494,98 
;2006;19760,00 ;42,71 ;58,99 ;10,83 ;48,40 ;40,77 ;44,74 ;532,70 
;2007;24022,00 ;42,98 ;59,20 ;10,47 ;49,17 ;40,37 ;44,17 ;576,53 
;2008;28185,00 ;43,15 ;60,05 ;10,02 ;51,68 ;38,30 ;43,38 ;590,74 
;2009;29611,00 ;43,41 ;60,35 ;10,12 ;51,03 ;38,85 ;43,67 ;611,68 
;2010;31888,00 ;43,75 ;62,14 ;10,57 ;51,68 ;37,75 ;41,78 ;670,09 
;2011;37353,00 ;43,79 ;64,05 ;10,35 ;51,84 ;37,80 ;41,86 ;711,71 
;2012;40778,00 ;43,75 ;65,65 ;10,47 ;49,79 ;39,74 ;41,06 ;732,57 
;2013;43956,00 ;43,65 ;66,45 ;10,27 ;47,92 ;41,81 ;42,36 ;696,38 
;2014;45915,00 ;43,58 ;67,05 ;10,00 ;45,14 ;44,87 ;41,99 ;695,82 
;2015;46482,00 ;43,38 ;67,35 ;10,16 ;41,29 ;48,55 ;41,26 ;683,21 
;2016;47069,00 ;43,27 ;67,37 ;9,03 ;38,57 ;52,40 ;39,98 ;687,08 
;2017;50221,00 ;43,12 ;67,49 ;8,77 ;38,39 ;52,84 ;40,29 ;705,53 
;2018;54657,00 ;42,91 ;68,10 ;8,59 ;38,49 ;52,92 ;38,54 ;748,97 
;2019;58019,00 ;42,77 ;60,60 ;8,76 ;38,12 ;53,11 ;37,12 ;818,41 
Inner Mongolia;1999;5861,00 ;23,62 ;40,98 ;24,86 ;37,01 ;38,13 ;78,26 ;120,54 
;2000;6502,00 ;23,72 ;42,20 ;22,79 ;37,85 ;39,35 ;77,92 ;129,47 
;2001;7210,00 ;23,81 ;43,54 ;20,94 ;38,26 ;40,80 ;77,17 ;138,12 
;2002;8146,00 ;23,84 ;44,05 ;19,30 ;38,89 ;41,81 ;76,40 ;152,29 
;2003;10015,00 ;23,86 ;44,74 ;17,59 ;35,21 ;47,20 ;77,40 ;198,13 
;2004;12315,00 ;23,93 ;45,86 ;17,77 ;35,39 ;46,85 ;76,76 ;251,12 
;2005;14695,00 ;24,03 ;47,20 ;16,73 ;39,10 ;44,17 ;75,81 ;310,42 
;2006;17275,00 ;24,15 ;48,64 ;15,26 ;41,39 ;43,36 ;74,25 ;363,15 
;2007;21334,00 ;24,29 ;50,15 ;14,76 ;41,08 ;44,16 ;72,70 ;417,16 
;2008;25620,00 ;24,44 ;51,72 ;14,46 ;40,93 ;44,60 ;74,29 ;498,16 
;2009;28982,00 ;24,58 ;53,40 ;13,16 ;41,05 ;45,80 ;74,31 ;539,97 
;2010;33262,00 ;24,72 ;55,53 ;13,39 ;41,71 ;44,90 ;74,89 ;595,93 
;2011;38276,00 ;24,70 ;57,04 ;13,85 ;42,76 ;43,40 ;77,07 ;747,17 
;2012;42441,00 ;24,64 ;58,42 ;13,88 ;43,49 ;42,63 ;77,83 ;777,37 
;2013;46320,00 ;24,55 ;59,82 ;13,89 ;42,75 ;43,36 ;75,06 ;757,59 
;2014;49585,00 ;24,49 ;60,97 ;13,47 ;42,07 ;44,46 ;75,62 ;776,42 
;2015;52972,00 ;24,40 ;62,09 ;12,59 ;40,69 ;46,72 ;75,18 ;775,54 
;2016;56560,00 ;24,36 ;63,40 ;11,97 ;40,46 ;47,57 ;74,67 ;782,67 
;2017;61196,00 ;24,33 ;64,60 ;11,07 ;39,43 ;49,50 ;74,13 ;822,05 
;2018;66491,00 ;24,22 ;65,51 ;10,85 ;39,25 ;49,90 ;74,11 ;937,69 
;2019;71170,00 ;24,15 ;63,40 ;10,83 ;39,29 ;49,88 ;74,38 ;1041,32 
Ningxia;1999;4900,00 ;5,43 ;28,62 ;18,20 ;39,20 ;42,60 ;62,20 ;25,20 
;2000;5376,00 ;5,54 ;32,56 ;15,60 ;41,20 ;43,20 ;59,94 ;25,21 
;2001;6039,00 ;5,63 ;33,33 ;14,70 ;40,30 ;45,00 ;38,39 ;16,99 
;2002;6647,00 ;5,72 ;34,17 ;14,00 ;40,60 ;45,40 ;0,00 ;8,77 
;2003;7686,00 ;5,80 ;36,94 ;12,60 ;43,30 ;44,10 ;71,14 ;66,81 
;2004;8904,00 ;5,88 ;40,58 ;12,00 ;44,70 ;43,30 ;65,60 ;64,15 
;2005;9796,00 ;5,96 ;42,28 ;11,90 ;44,80 ;43,30 ;69,12 ;71,76 
;2006;11389,00 ;6,04 ;43,00 ;11,20 ;47,10 ;41,70 ;66,06 ;78,50 
;2007;14458,00 ;6,10 ;44,02 ;11,00 ;48,10 ;40,90 ;68,77 ;88,79 
;2008;18554,00 ;6,18 ;44,98 ;10,90 ;49,00 ;40,10 ;66,03 ;97,86 
;2009;20382,00 ;6,25 ;46,10 ;9,40 ;46,80 ;43,80 ;67,54 ;107,65 
;2010;24984,00 ;6,33 ;47,96 ;9,60 ;46,70 ;43,70 ;68,95 ;127,11 
;2011;30161,00 ;6,48 ;49,73 ;9,10 ;47,60 ;43,30 ;71,34 ;169,65 
;2012;32609,00 ;6,59 ;50,67 ;8,90 ;46,50 ;44,60 ;67,96 ;182,15 
;2013;35135,00 ;6,66 ;52,01 ;9,10 ;45,50 ;45,40 ;67,24 ;194,11 
;2014;36815,00 ;6,78 ;53,61 ;8,80 ;45,00 ;46,20 ;68,04 ;198,18 
;2015;37876,00 ;6,84 ;55,23 ;9,20 ;43,30 ;47,50 ;66,22 ;204,66 
;2016;40339,00 ;6,95 ;56,29 ;8,70 ;42,40 ;48,90 ;64,76 ;202,81 
;2017;45718,00 ;7,05 ;57,98 ;7,80 ;43,90 ;48,30 ;68,24 ;251,23 
;2018;49614,00 ;7,10 ;58,88 ;8,00 ;42,40 ;49,60 ;70,90 ;279,03 
;2019;52537,00 ;7,17 ;59,86 ;7,50 ;42,30 ;50,20 ;71,47 ;302,05 
Qinhai;1999;4728,00 ;5,10 ;34,57 ;17,60 ;29,80 ;52,60 ;55,70 ;15,50 
;2000;5138,00 ;5,17 ;34,76 ;15,22 ;41,27 ;43,51 ;49,72 ;13,61 
;2001;5774,00 ;5,23 ;36,33 ;14,90 ;30,70 ;54,40 ;54,11 ;16,00 
;2002;6478,00 ;5,29 ;37,65 ;13,30 ;32,00 ;54,70 ;51,46 ;15,46 
;2003;7248,00 ;5,34 ;38,16 ;12,00 ;33,20 ;54,80 ;48,29 ;17,17 
;2004;8275,00 ;5,39 ;38,50 ;13,10 ;34,80 ;52,10 ;43,21 ;18,08 
;2005;9233,00 ;5,43 ;39,25 ;12,03 ;48,70 ;39,27 ;42,66 ;18,80 
;2006;10728,00 ;5,48 ;39,26 ;11,20 ;39,00 ;49,80 ;44,26 ;24,67 
;2007;13100,00 ;5,52 ;40,07 ;11,30 ;38,20 ;50,50 ;44,42 ;28,45 
;2008;16220,00 ;5,54 ;40,86 ;11,50 ;39,10 ;49,40 ;46,01 ;35,91 
;2009;16907,00 ;5,57 ;41,90 ;11,20 ;38,90 ;49,90 ;44,30 ;36,30 
;2010;20418,00 ;5,63 ;44,72 ;9,99 ;55,14 ;34,87 ;37,92 ;36,47 
;2011;24233,00 ;5,68 ;46,22 ;11,10 ;40,40 ;48,50 ;38,14 ;42,25 
;2012;26839,00 ;5,71 ;47,44 ;11,40 ;40,60 ;48,00 ;41,38 ;49,94 
;2013;30005,00 ;5,71 ;48,51 ;9,60 ;54,30 ;36,10 ;41,48 ;55,27 
;2014;32218,00 ;5,76 ;49,78 ;9,40 ;53,60 ;37,00 ;36,88 ;51,20 
;2015;34883,00 ;5,77 ;50,30 ;10,40 ;37,80 ;51,80 ;33,92 ;45,78 
;2016;38968,00 ;5,82 ;51,63 ;8,60 ;48,59 ;42,81 ;40,53 ;54,44 
;2017;42211,00 ;5,86 ;53,07 ;9,08 ;44,29 ;46,63 ;36,27 ;51,05 
;2018;46854,00 ;5,87 ;54,47 ;9,80 ;39,80 ;50,40 ;33,54 ;49,42 
;2019;49976,00 ;5,90 ;55,52 ;10,30 ;39,20 ;50,50 ;32,31 ;48,49 
Shandong;1999;8483,00 ;88,83 ;26,14 ;16,30 ;48,60 ;35,10 ;60,15 ;268,11 
;2000;9260,00 ;89,98 ;26,77 ;15,10 ;49,80 ;35,10 ;52,02 ;260,05 
;2001;10063,00 ;90,41 ;27,84 ;14,80 ;49,20 ;36,00 ;57,31 ;304,34 
;2002;11120,00 ;90,82 ;29,00 ;13,60 ;50,00 ;36,40 ;61,18 ;330,35 
;2003;11977,00 ;91,25 ;31,05 ;13,40 ;52,40 ;34,20 ;59,35 ;405,08 
;2004;14540,00 ;91,80 ;32,15 ;13,10 ;55,10 ;31,80 ;56,72 ;514,42 
;2005;17308,00 ;92,48 ;45,00 ;12,10 ;55,40 ;32,50 ;59,42 ;697,14 
;2006;20443,00 ;93,09 ;46,10 ;11,10 ;55,70 ;33,20 ;60,31 ;782,59 
;2007;24329,00 ;93,67 ;46,75 ;10,80 ;55,10 ;34,10 ;59,05 ;870,46 
;2008;28861,00 ;94,17 ;47,60 ;10,60 ;55,00 ;34,40 ;59,65 ;937,94 
;2009;31282,00 ;94,70 ;48,32 ;10,40 ;53,90 ;35,70 ;57,71 ;975,85 
;2010;35599,00 ;95,88 ;49,67 ;9,20 ;52,20 ;38,60 ;55,90 ;1078,27 
;2011;40581,00 ;96,65 ;50,95 ;8,80 ;51,10 ;40,10 ;54,97 ;1135,40 
;2012;44348,00 ;97,08 ;52,43 ;8,60 ;51,40 ;40,00 ;54,14 ;1192,54 
;2013;48673,00 ;97,46 ;53,75 ;8,30 ;49,70 ;42,00 ;51,44 ;1155,88 
;2014;51933,00 ;98,08 ;55,01 ;8,10 ;48,40 ;43,50 ;50,77 ;1236,32 
;2015;56205,00 ;98,66 ;57,01 ;8,90 ;44,90 ;46,20 ;48,27 ;1315,21 
;2016;59239,00 ;99,73 ;59,02 ;7,30 ;45,40 ;47,30 ;45,27 ;1406,29 
;2017;62993,00 ;100,33 ;60,58 ;7,70 ;42,70 ;49,60 ;42,38 ;1396,39 
;2018;66284,00 ;100,77 ;61,18 ;7,40 ;41,30 ;51,30 ;44,83 ;1440,68 
;2019;69901,00 ;101,06 ;61,51 ;7,30 ;39,90 ;52,80 ;44,73 ;1471,16 
Shanxi;1999;5230,00 ;32,31 ;31,35 ;9,59 ;47,12 ;43,29 ;79,45 ;302,57 
;2000;5722,00 ;32,47 ;35,88 ;9,74 ;46,51 ;43,75 ;79,10 ;313,72 
;2001;6226,00 ;32,72 ;35,09 ;8,43 ;47,11 ;44,46 ;73,63 ;351,33 
;2002;7082,00 ;32,94 ;38,09 ;8,51 ;48,79 ;42,70 ;73,67 ;429,49 
;2003;8639,00 ;33,14 ;38,81 ;7,54 ;53,28 ;39,18 ;73,80 ;485,75 
;2004;10515,00 ;33,35 ;39,63 ;7,52 ;55,25 ;37,23 ;75,86 ;513,50 
;2005;12195,00 ;33,55 ;42,11 ;6,07 ;58,57 ;35,35 ;79,33 ;560,73 
;2006;14008,00 ;33,75 ;43,01 ;5,44 ;59,39 ;35,17 ;78,76 ;620,75 
;2007;17542,00 ;33,93 ;44,03 ;5,11 ;60,69 ;34,20 ;77,22 ;640,90 
;2008;21234,00 ;34,11 ;45,11 ;5,17 ;60,76 ;34,06 ;76,42 ;629,78 
;2009;20906,00 ;34,27 ;45,99 ;6,20 ;57,24 ;36,56 ;75,86 ;622,30 
;2010;25434,00 ;35,74 ;48,05 ;5,73 ;60,08 ;34,19 ;75,75 ;664,68 
;2011;30534,00 ;35,62 ;49,79 ;5,38 ;61,96 ;32,66 ;76,81 ;732,73 
;2012;32864,00 ;35,48 ;51,32 ;5,50 ;58,65 ;35,85 ;75,76 ;764,29 
;2013;33848,00 ;35,35 ;52,88 ;5,82 ;55,76 ;38,42 ;78,41 ;781,66 
;2014;34248,00 ;35,28 ;54,30 ;6,09 ;52,73 ;41,18 ;78,88 ;799,74 
;2015;33593,00 ;35,19 ;55,87 ;6,14 ;44,10 ;49,77 ;79,23 ;788,95 
;2016;33972,00 ;35,14 ;57,27 ;6,06 ;42,80 ;51,13 ;77,82 ;765,06 
;2017;41242,00 ;35,10 ;58,59 ;4,97 ;45,81 ;49,22 ;80,38 ;899,24 
;2018;45517,00 ;35,02 ;59,85 ;4,64 ;44,33 ;51,03 ;80,97 ;1022,78 
;2019;48469,00 ;34,97 ;61,11 ;4,87 ;44,02 ;51,12 ;80,93 ;1073,34 
Shannxi;1999;4415,00 ;36,18 ;30,87 ;15,80 ;41,90 ;42,30 ;56,88 ;84,35 
;2000;4968,00 ;36,44 ;32,27 ;15,50 ;43,10 ;41,40 ;53,41 ;81,42 
;2001;5511,00 ;36,53 ;33,67 ;15,20 ;44,30 ;40,50 ;53,99 ;91,56 
;2002;6161,00 ;36,62 ;34,74 ;14,90 ;45,50 ;39,60 ;52,52 ;104,11 
;2003;7057,00 ;36,72 ;35,70 ;13,30 ;47,30 ;39,40 ;52,68 ;118,24 
;2004;8545,00 ;36,81 ;36,59 ;13,70 ;49,10 ;37,20 ;54,06 ;147,19 
;2005;10357,00 ;36,90 ;37,20 ;11,10 ;49,60 ;39,30 ;56,75 ;172,52 
;2006;12439,00 ;36,99 ;39,12 ;11,10 ;52,90 ;36,00 ;58,04 ;208,35 
;2007;15342,00 ;37,08 ;40,62 ;-477,60 ;543,00 ;34,60 ;56,34 ;227,84 
;2008;19331,00 ;37,18 ;42,10 ;11,00 ;56,10 ;32,90 ;57,14 ;255,62 
;2009;21485,00 ;37,27 ;43,50 ;9,70 ;51,80 ;38,50 ;55,95 ;279,01 
;2010;26388,00 ;37,35 ;45,70 ;9,80 ;51,50 ;38,70 ;58,04 ;330,46 
;2011;32467,00 ;37,65 ;46,22 ;9,80 ;55,40 ;34,80 ;59,72 ;366,01 
;2012;37453,00 ;37,87 ;49,70 ;9,50 ;53,80 ;36,70 ;61,92 ;421,48 
;2013;41906,00 ;38,04 ;51,31 ;9,00 ;55,00 ;36,00 ;63,69 ;446,98 
;2014;45610,00 ;38,27 ;52,57 ;8,80 ;54,10 ;37,10 ;64,31 ;470,96 
;2015;46654,00 ;38,46 ;54,70 ;8,90 ;48,40 ;42,70 ;65,06 ;464,80 
;2016;49341,00 ;38,74 ;55,34 ;8,70 ;48,90 ;42,40 ;67,30 ;475,42 
;2017;55216,00 ;39,04 ;56,80 ;8,10 ;47,10 ;44,80 ;66,68 ;483,98 
;2018;61115,00 ;39,31 ;58,10 ;7,50 ;49,70 ;42,80 ;65,10 ;472,39 
;2019;65506,00 ;39,44 ;61,30 ;7,70 ;45,70 ;46,60 ;65,66 ;511,45 
Shanghai;1999;27293,00 ;14,74 ;88,08 ;1,72 ;47,13 ;51,15 ;42,64 ;159,42 
;2000;30307,00 ;16,09 ;81,22 ;1,55 ;46,05 ;52,40 ;41,71 ;172,62 
;2001;32089,00 ;16,68 ;78,69 ;1,45 ;45,91 ;52,64 ;41,33 ;177,79 
;2002;34277,00 ;17,13 ;77,42 ;1,34 ;45,48 ;53,19 ;40,61 ;181,98 
;2003;39117,00 ;17,66 ;75,52 ;1,16 ;47,61 ;51,23 ;38,65 ;203,71 
;2004;44998,00 ;18,35 ;73,25 ;1,00 ;47,80 ;51,20 ;37,40 ;213,91 
;2005;49377,00 ;18,90 ;89,09 ;0,96 ;46,92 ;52,13 ;36,02 ;227,51 
;2006;54996,00 ;19,64 ;88,70 ;0,86 ;46,51 ;52,63 ;34,57 ;225,26 
;2007;63951,00 ;20,64 ;88,70 ;0,77 ;44,08 ;55,14 ;34,09 ;230,93 
;2008;69154,00 ;21,41 ;88,60 ;0,75 ;42,76 ;56,49 ;33,72 ;241,81 
;2009;72363,00 ;22,10 ;88,60 ;0,71 ;39,29 ;60,00 ;32,84 ;239,97 
;2010;79396,00 ;23,03 ;89,29 ;0,64 ;41,50 ;57,86 ;33,21 ;260,78 
;2011;85897,00 ;23,56 ;89,30 ;0,63 ;40,83 ;58,54 ;33,88 ;266,32 
;2012;89613,00 ;23,99 ;89,30 ;0,61 ;38,37 ;61,03 ;31,91 ;260,50 
;2013;95746,00 ;24,48 ;89,60 ;0,57 ;35,71 ;63,72 ;30,51 ;271,23 
;2014;102827,00 ;24,67 ;89,60 ;0,52 ;34,16 ;65,31 ;28,57 ;245,51 
;2015;109186,00 ;24,58 ;87,60 ;0,47 ;31,27 ;68,26 ;26,80 ;252,89 
;2016;121369,00 ;24,67 ;87,90 ;0,38 ;28,68 ;70,94 ;25,86 ;252,90 
;2017;133489,00 ;24,66 ;87,70 ;0,34 ;28,93 ;70,73 ;25,06 ;257,70 
;2018;145767,00 ;24,75 ;88,10 ;0,29 ;28,77 ;70,94 ;25,10 ;242,71 
;2019;153299,00 ;24,81 ;88,00 ;0,28 ;26,83 ;72,88 ;23,52 ;250,22 
Sichuan;1999;4540,00 ;85,50 ;26,20 ;26,20 ;37,00 ;36,80 ;63,63 ;117,47 
;2000;4956,00 ;83,29 ;26,70 ;26,70 ;36,50 ;36,80 ;62,17 ;117,50 
;2001;5376,00 ;81,43 ;27,20 ;27,20 ;36,60 ;36,20 ;58,15 ;116,82 
;2002;5890,00 ;81,10 ;28,20 ;28,20 ;36,70 ;35,10 ;59,62 ;134,73 
;2003;6565,00 ;81,76 ;30,10 ;30,10 ;37,80 ;32,10 ;63,06 ;173,49 
;2004;7751,00 ;80,90 ;31,10 ;31,10 ;38,70 ;30,20 ;62,03 ;199,97 
;2005;8828,00 ;82,12 ;33,00 ;33,00 ;41,20 ;25,80 ;58,48 ;197,18 
;2006;10371,00 ;81,69 ;34,30 ;34,30 ;43,10 ;22,60 ;57,43 ;219,32 
;2007;12963,00 ;81,27 ;35,60 ;35,60 ;43,60 ;20,80 ;56,76 ;246,45 
;2008;15685,00 ;81,38 ;37,40 ;37,40 ;45,20 ;17,40 ;58,74 ;275,30 
;2009;17387,00 ;81,85 ;38,70 ;38,70 ;46,90 ;14,40 ;59,57 ;308,81 
;2010;21230,00 ;80,45 ;40,18 ;40,18 ;48,10 ;11,72 ;54,54 ;308,86 
;2011;26136,00 ;80,64 ;41,85 ;41,85 ;47,60 ;10,55 ;51,83 ;316,17 
;2012;29627,00 ;80,85 ;43,35 ;43,35 ;46,90 ;9,75 ;51,32 ;331,28 
;2013;32750,00 ;81,09 ;44,96 ;44,96 ;46,80 ;8,24 ;48,75 ;340,27 
;2014;35563,00 ;81,39 ;46,51 ;46,51 ;45,30 ;8,19 ;44,76 ;349,85 
;2015;37150,00 ;81,96 ;48,27 ;48,27 ;43,50 ;8,23 ;39,85 ;325,02 
;2016;40297,00 ;82,51 ;50,00 ;50,00 ;40,60 ;9,40 ;38,73 ;310,75 
;2017;45835,00 ;82,89 ;51,78 ;51,78 ;38,40 ;9,82 ;35,06 ;295,07 
;2018;51658,00 ;83,21 ;53,50 ;53,50 ;37,40 ;9,10 ;35,05 ;260,32 
;2019;55619,00 ;83,51 ;53,79 ;53,79 ;37,30 ;8,91 ;33,61 ;279,54 
Tianjin;1999;14985,00 ;9,59 ;71,39 ;4,95 ;50,01 ;45,04 ;48,84 ;76,85 
;2000;16236,00 ;10,01 ;72,01 ;4,63 ;49,93 ;45,44 ;47,59 ;85,18 
;2001;17523,00 ;10,04 ;72,63 ;4,48 ;48,88 ;46,64 ;48,54 ;88,74 
;2002;19161,00 ;10,07 ;73,25 ;4,37 ;48,34 ;47,29 ;51,45 ;92,27 
;2003;22371,00 ;10,11 ;73,87 ;3,98 ;50,39 ;45,63 ;51,06 ;101,15 
;2004;25761,00 ;10,24 ;74,49 ;4,02 ;51,44 ;44,54 ;49,42 ;114,57 
;2005;30567,00 ;10,43 ;75,11 ;3,56 ;51,62 ;44,82 ;49,70 ;123,02 
;2006;33411,00 ;10,75 ;75,73 ;2,92 ;51,85 ;45,23 ;46,47 ;130,61 
;2007;37976,00 ;11,15 ;76,31 ;2,59 ;51,07 ;46,35 ;44,66 ;138,33 
;2008;45242,00 ;11,76 ;77,23 ;2,25 ;51,32 ;46,43 ;45,19 ;137,07 
;2009;47497,00 ;12,28 ;78,01 ;2,09 ;49,19 ;48,71 ;43,66 ;147,32 
;2010;54053,00 ;12,99 ;79,57 ;1,93 ;47,72 ;50,35 ;42,05 ;179,60 
;2011;61458,00 ;13,41 ;80,50 ;1,74 ;46,30 ;51,96 ;42,12 ;196,89 
;2012;66517,00 ;13,78 ;81,55 ;1,64 ;45,71 ;52,65 ;42,10 ;196,96 
;2013;71345,00 ;14,10 ;82,01 ;1,56 ;44,31 ;54,13 ;40,56 ;202,00 
;2014;74960,00 ;14,29 ;82,27 ;1,49 ;43,38 ;55,13 ;39,86 ;193,08 
;2015;75868,00 ;14,39 ;82,64 ;1,49 ;41,27 ;57,24 ;37,10 ;185,18 
;2016;79647,00 ;14,43 ;82,93 ;1,47 ;38,06 ;60,47 ;36,37 ;173,09 
;2017;87280,00 ;14,10 ;82,93 ;1,36 ;36,66 ;61,98 ;33,83 ;169,75 
;2018;95689,00 ;13,83 ;83,15 ;1,31 ;36,18 ;62,50 ;32,60 ;172,22 
;2019;101557,00 ;13,85 ;83,48 ;1,32 ;35,20 ;63,48 ;31,80 ;172,36 
Tibet;1999;4180,00 ;2,56 ;18,90 ;36,80 ;22,50 ;40,70 ;0,00 ;32,76 
;2000;4572,00 ;2,58 ;19,30 ;33,40 ;22,90 ;43,70 ;0,00 ;37,83 
;2001;5318,00 ;2,64 ;19,64 ;26,20 ;23,00 ;50,80 ;0,00 ;50,43 
;2002;6094,00 ;2,68 ;19,89 ;23,90 ;20,20 ;55,90 ;0,00 ;57,70 
;2003;6883,00 ;2,72 ;20,21 ;21,30 ;25,50 ;53,20 ;0,00 ;66,55 
;2004;7946,00 ;2,76 ;20,52 ;19,30 ;23,50 ;57,20 ;0,00 ;75,28 
;2005;8733,00 ;2,80 ;20,85 ;18,50 ;24,90 ;56,60 ;0,00 ;79,98 
;2006;10112,00 ;2,85 ;21,13 ;16,70 ;26,60 ;56,70 ;0,00 ;89,80 
;2007;11991,00 ;2,89 ;21,50 ;15,20 ;27,70 ;57,10 ;0,00 ;98,13 
;2008;13703,00 ;2,92 ;21,90 ;14,50 ;27,80 ;57,70 ;0,00 ;102,31 
;2009;15154,00 ;2,96 ;22,30 ;13,60 ;29,20 ;57,20 ;0,00 ;110,07 
;2010;17209,00 ;3,00 ;22,67 ;12,60 ;30,30 ;57,10 ;0,00 ;118,54 
;2011;20083,00 ;3,09 ;22,81 ;11,40 ;32,00 ;56,60 ;0,00 ;129,16 
;2012;22762,00 ;3,15 ;22,87 ;10,60 ;31,80 ;57,60 ;0,00 ;134,10 
;2013;26209,00 ;3,17 ;23,93 ;9,80 ;32,70 ;57,50 ;0,00 ;138,79 
;2014;29275,00 ;3,25 ;26,23 ;9,40 ;33,00 ;57,60 ;0,00 ;139,87 
;2015;31847,00 ;3,30 ;28,87 ;9,00 ;32,80 ;58,20 ;0,00 ;144,63 
;2016;35015,00 ;3,40 ;31,57 ;9,40 ;33,30 ;57,30 ;0,00 ;137,79 
;2017;39158,00 ;3,49 ;33,38 ;8,80 ;34,80 ;56,40 ;0,00 ;145,92 
;2018;44051,00 ;3,54 ;30,90 ;8,80 ;42,50 ;48,70 ;0,00 ;146,01 
;2019;47491,00 ;3,61 ;32,00 ;8,20 ;37,40 ;54,40 ;0,00 ;158,49 
Xinjiang;1999;6443,00 ;17,74 ;52,34 ;22,00 ;35,30 ;42,70 ;48,65 ;90,61 
;2000;7372,00 ;18,49 ;33,75 ;20,10 ;38,50 ;41,40 ;47,91 ;96,21 
;2001;7945,00 ;18,76 ;33,75 ;18,40 ;37,60 ;44,00 ;47,73 ;96,79 
;2002;8457,00 ;19,05 ;33,84 ;18,00 ;37,10 ;44,90 ;48,26 ;101,08 
;2003;9842,00 ;19,34 ;34,39 ;20,80 ;40,90 ;38,30 ;48,94 ;109,36 
;2004;11139,00 ;19,63 ;35,15 ;20,20 ;44,70 ;35,10 ;49,49 ;123,11 
;2005;12687,00 ;20,10 ;37,15 ;19,30 ;47,70 ;33,00 ;45,60 ;141,91 
;2006;14567,00 ;20,50 ;37,94 ;17,00 ;45,40 ;37,60 ;45,99 ;161,56 
;2007;16887,00 ;20,95 ;39,15 ;17,00 ;48,10 ;34,90 ;46,68 ;176,12 
;2008;19605,00 ;21,31 ;39,64 ;15,60 ;43,60 ;40,80 ;48,10 ;196,58 
;2009;19755,00 ;21,59 ;39,85 ;16,60 ;46,30 ;37,10 ;53,15 ;232,36 
;2010;24700,00 ;21,85 ;43,01 ;18,70 ;46,30 ;35,00 ;51,51 ;259,43 
;2011;29624,00 ;22,25 ;43,73 ;16,00 ;47,40 ;36,60 ;51,87 ;306,88 
;2012;33103,00 ;22,53 ;44,22 ;16,20 ;44,90 ;38,90 ;53,84 ;356,30 
;2013;36988,00 ;22,85 ;44,94 ;15,80 ;41,50 ;42,70 ;54,49 ;404,33 
;2014;40193,00 ;23,25 ;46,79 ;15,20 ;41,30 ;43,50 ;54,94 ;443,80 
;2015;39520,00 ;23,85 ;48,78 ;15,10 ;37,00 ;47,90 ;56,56 ;456,10 
;2016;40020,00 ;24,28 ;50,42 ;15,30 ;35,80 ;48,90 ;57,78 ;488,58 
;2017;45476,00 ;24,80 ;51,90 ;13,90 ;36,70 ;49,40 ;57,48 ;524,70 
;2018;51238,00 ;25,20 ;54,01 ;13,20 ;36,40 ;50,40 ;58,93 ;545,59 
;2019;53542,00 ;25,59 ;51,87 ;13,10 ;35,20 ;51,70 ;60,06 ;582,37 
Yunnan;1999;4558,00 ;41,92 ;47,50 ;21,40 ;42,70 ;35,90 ;61,78 ;73,88 
;2000;4814,00 ;42,41 ;23,36 ;21,80 ;41,20 ;37,00 ;63,92 ;75,17 
;2001;5063,00 ;42,87 ;24,87 ;20,60 ;40,40 ;39,00 ;60,65 ;78,61 
;2002;5472,00 ;43,33 ;26,01 ;19,60 ;39,90 ;40,50 ;57,35 ;90,65 
;2003;6048,00 ;43,76 ;26,60 ;18,80 ;40,20 ;41,00 ;60,91 ;120,25 
;2004;7136,00 ;44,15 ;28,10 ;19,40 ;40,40 ;40,20 ;60,95 ;149,91 
;2005;7890,00 ;44,50 ;29,50 ;18,50 ;39,70 ;41,80 ;61,09 ;175,67 
;2006;9158,00 ;44,83 ;30,50 ;17,20 ;40,90 ;41,90 ;61,59 ;193,60 
;2007;11287,00 ;45,14 ;31,60 ;16,70 ;40,50 ;42,80 ;59,02 ;202,36 
;2008;13286,00 ;45,43 ;33,00 ;16,70 ;41,20 ;42,10 ;58,73 ;208,30 
;2009;14427,00 ;45,71 ;34,00 ;16,00 ;39,60 ;44,40 ;60,80 ;226,37 
;2010;16866,00 ;46,02 ;34,81 ;14,10 ;42,20 ;43,70 ;59,80 ;239,28 
;2011;20653,00 ;46,20 ;36,80 ;14,70 ;40,00 ;45,30 ;58,05 ;247,02 
;2012;23992,00 ;46,31 ;39,31 ;14,80 ;40,20 ;45,00 ;56,32 ;256,57 
;2013;27665,00 ;46,41 ;40,48 ;14,60 ;39,00 ;46,40 ;55,18 ;252,84 
;2014;30217,00 ;46,53 ;41,73 ;14,30 ;38,30 ;47,40 ;52,33 ;226,94 
;2015;32117,00 ;46,63 ;43,33 ;13,90 ;36,70 ;49,40 ;51,35 ;202,56 
;2016;35051,00 ;46,77 ;45,03 ;13,60 ;35,10 ;51,30 ;50,33 ;200,41 
;2017;39458,00 ;46,93 ;46,69 ;12,60 ;34,20 ;53,20 ;45,94 ;209,63 
;2018;44446,00 ;47,03 ;47,81 ;12,00 ;34,80 ;53,20 ;41,97 ;238,31 
;2019;49323,00 ;47,14 ;48,91 ;13,10 ;34,30 ;52,60 ;40,66 ;247,45 
Zhengjiang;1999;12229,00 ;44,75 ;46,00 ;11,10 ;54,63 ;34,27 ;51,86 ;139,94 
;2000;13467,00 ;46,80 ;47,83 ;10,24 ;53,32 ;36,44 ;49,36 ;165,00 
;2001;14726,00 ;47,29 ;49,66 ;9,52 ;51,82 ;38,65 ;48,07 ;169,81 
;2002;16918,00 ;47,76 ;50,50 ;8,52 ;51,15 ;40,33 ;47,10 ;184,70 
;2003;20249,00 ;48,57 ;51,06 ;7,36 ;52,56 ;40,08 ;47,50 ;219,39 
;2004;23476,00 ;49,25 ;51,75 ;7,00 ;53,65 ;39,35 ;46,84 ;257,56 
;2005;26277,00 ;49,91 ;56,02 ;6,77 ;53,37 ;39,86 ;46,64 ;299,91 
;2006;30415,00 ;50,72 ;56,50 ;5,97 ;54,21 ;39,82 ;48,24 ;336,42 
;2007;36454,00 ;51,55 ;57,20 ;5,20 ;54,31 ;40,49 ;49,38 ;374,89 
;2008;41061,00 ;52,12 ;57,60 ;5,04 ;54,09 ;40,87 ;47,98 ;382,52 
;2009;43543,00 ;52,76 ;57,90 ;4,97 ;52,04 ;42,99 ;46,71 ;397,58 
;2010;51110,00 ;54,47 ;61,61 ;4,83 ;51,61 ;43,56 ;45,13 ;424,51 
;2011;57828,00 ;55,70 ;62,30 ;4,82 ;51,08 ;44,10 ;44,73 ;447,51 
;2012;61097,00 ;56,85 ;63,20 ;4,68 ;49,56 ;45,75 ;44,15 ;433,09 
;2013;65105,00 ;57,84 ;64,00 ;4,60 ;48,65 ;46,75 ;42,51 ;433,30 
;2014;68569,00 ;58,90 ;64,87 ;4,31 ;48,92 ;46,76 ;41,87 ;424,21 
;2015;73276,00 ;59,85 ;65,80 ;4,07 ;47,36 ;48,57 ;41,38 ;428,95 
;2016;78384,00 ;60,72 ;67,00 ;4,00 ;45,65 ;50,35 ;40,87 ;423,99 
;2017;85612,00 ;61,70 ;68,00 ;3,69 ;44,36 ;51,95 ;39,52 ;442,54 
;2018;93230,00 ;62,73 ;68,90 ;3,41 ;43,63 ;52,96 ;38,94 ;428,63 
;2019;98770,00 ;63,75 ;70,00 ;3,34 ;42,10 ;54,55 ;36,57 ;437,07 
Chongqing;1999;5890,00 ;28,60 ;34,30 ;17,00 ;42,10 ;40,90 ;68,53 ;66,54 
;2000;6383,00 ;28,49 ;35,60 ;15,40 ;42,50 ;42,10 ;66,67 ;65,49 
;2001;7096,00 ;28,29 ;37,40 ;14,40 ;42,70 ;42,90 ;69,23 ;61,89 
;2002;8079,00 ;28,14 ;39,90 ;13,70 ;43,00 ;43,30 ;70,02 ;68,06 
;2003;9311,00 ;28,03 ;41,90 ;12,70 ;44,50 ;42,80 ;64,53 ;60,44 
;2004;10934,00 ;27,93 ;43,50 ;13,70 ;45,50 ;40,80 ;63,23 ;68,92 
;2005;12335,00 ;27,98 ;45,20 ;13,20 ;45,20 ;41,60 ;61,01 ;83,17 
;2006;13915,00 ;28,08 ;46,70 ;9,70 ;48,00 ;42,30 ;62,27 ;89,87 
;2007;16966,00 ;28,16 ;48,30 ;9,80 ;46,90 ;43,30 ;62,18 ;97,95 
;2008;20865,00 ;28,39 ;50,00 ;9,40 ;45,10 ;45,50 ;66,28 ;122,35 
;2009;23346,00 ;28,59 ;51,60 ;8,70 ;45,40 ;45,90 ;67,04 ;132,22 
;2010;28084,00 ;28,85 ;53,00 ;8,10 ;44,90 ;47,00 ;66,52 ;145,62 
;2011;34864,00 ;29,44 ;55,00 ;7,80 ;45,00 ;47,20 ;65,41 ;166,40 
;2012;39180,00 ;29,75 ;57,00 ;8,20 ;52,40 ;39,40 ;62,53 ;162,12 
;2013;43527,00 ;30,11 ;58,30 ;7,90 ;50,50 ;41,60 ;59,23 ;137,71 
;2014;48311,00 ;30,43 ;59,60 ;7,40 ;45,80 ;46,80 ;58,51 ;146,50 
;2015;52480,00 ;30,70 ;60,90 ;7,30 ;45,00 ;47,70 ;57,77 ;146,83 
;2016;58327,00 ;31,10 ;62,60 ;7,30 ;44,50 ;48,20 ;54,00 ;144,75 
;2017;64171,00 ;31,44 ;64,10 ;6,90 ;44,10 ;49,00 ;52,55 ;145,00 
;2018;68460,00 ;31,63 ;66,60 ;6,40 ;41,00 ;52,60 ;49,01 ;132,58 
;2019;74337,00 ;31,88 ;68,20 ;6,60 ;39,80 ;53,60 ;47,30 ;133,07 
